ID,Problem,Topic,Difficulty,Pattern,Time_Bucket,Status,Mistake,Edge_Case,File_Path
001,Input Output,Learn_the_Basics,Easy,,,In Progress,,,"=HYPERLINK(""DSA-Knowledge/Learn_the_Basics/Md/001_Input_Output.md"", ""Open"")"
002,Cpp Basics,Learn_the_Basics,Easy,,,In Progress,,,"=HYPERLINK(""DSA-Knowledge/Learn_the_Basics/Md/002_Cpp_Basics.md"", ""Open"")"
003,If ElseIf,Learn_the_Basics,Easy,,,In Progress,,,"=HYPERLINK(""DSA-Knowledge/Learn_the_Basics/Md/003_If_ElseIf.md"", ""Open"")"
004,Switch Case,Learn_the_Basics,Easy,,,In Progress,,,"=HYPERLINK(""DSA-Knowledge/Learn_the_Basics/Md/004_Switch_Case.md"", ""Open"")"
005,What are arrays strings,Learn_the_Basics,Easy,,,In Progress,,,"=HYPERLINK(""DSA-Knowledge/Learn_the_Basics/Md/005_What_are_arrays_strings.md"", ""Open"")"
006,For loops,Learn_the_Basics,Easy,,,In Progress,,,"=HYPERLINK(""DSA-Knowledge/Learn_the_Basics/Md/006_For_loops.md"", ""Open"")"
007,While loops,Learn_the_Basics,Easy,,,In Progress,,,"=HYPERLINK(""DSA-Knowledge/Learn_the_Basics/Md/007_While_loops.md"", ""Open"")"
008,Functions Pass by Reference and Value,Learn_the_Basics,Easy,,,In Progress,,,"=HYPERLINK(""DSA-Knowledge/Learn_the_Basics/Md/008_Functions_Pass_by_Reference_and_Value.md"", ""Open"")"
009,Theory with examples,Learn_the_Basics,Easy,,,In Progress,,,"=HYPERLINK(""DSA-Knowledge/Learn_the_Basics/Md/009_Theory_with_examples.md"", ""Open"")"
010,Easy and Medium,Learn_the_Basics,Easy,,,In Progress,,,"=HYPERLINK(""DSA-Knowledge/Learn_the_Basics/Md/010_Easy_and_Medium.md"", ""Open"")"
011,Hard,Learn_the_Basics,Easy,,,In Progress,,,"=HYPERLINK(""DSA-Knowledge/Learn_the_Basics/Md/011_Hard.md"", ""Open"")"
012,Pattern 1,Learn_the_Basics,Easy,,,In Progress,,,"=HYPERLINK(""DSA-Knowledge/Learn_the_Basics/Md/012_Pattern_1.md"", ""Open"")"
013,Pattern 2,Learn_the_Basics,Easy,,,In Progress,,,"=HYPERLINK(""DSA-Knowledge/Learn_the_Basics/Md/013_Pattern_2.md"", ""Open"")"
014,Pattern 3,Learn_the_Basics,Easy,,,In Progress,,,"=HYPERLINK(""DSA-Knowledge/Learn_the_Basics/Md/014_Pattern_3.md"", ""Open"")"
015,Pattern 4,Learn_the_Basics,Easy,,,In Progress,,,"=HYPERLINK(""DSA-Knowledge/Learn_the_Basics/Md/015_Pattern_4.md"", ""Open"")"
016,Pattern 5,Learn_the_Basics,Easy,,,In Progress,,,"=HYPERLINK(""DSA-Knowledge/Learn_the_Basics/Md/016_Pattern_5.md"", ""Open"")"
017,Pattern 6,Learn_the_Basics,Easy,,,In Progress,,,"=HYPERLINK(""DSA-Knowledge/Learn_the_Basics/Md/017_Pattern_6.md"", ""Open"")"
018,Pattern 7,Learn_the_Basics,Easy,,,In Progress,,,"=HYPERLINK(""DSA-Knowledge/Learn_the_Basics/Md/018_Pattern_7.md"", ""Open"")"
019,Pattern 8,Learn_the_Basics,Easy,,,In Progress,,,"=HYPERLINK(""DSA-Knowledge/Learn_the_Basics/Md/019_Pattern_8.md"", ""Open"")"
020,Pattern 9,Learn_the_Basics,Easy,,,In Progress,,,"=HYPERLINK(""DSA-Knowledge/Learn_the_Basics/Md/020_Pattern_9.md"", ""Open"")"
021,Pattern 10,Learn_the_Basics,Easy,,,In Progress,,,"=HYPERLINK(""DSA-Knowledge/Learn_the_Basics/Md/021_Pattern_10.md"", ""Open"")"
022,Pattern 11,Learn_the_Basics,Easy,,,In Progress,,,"=HYPERLINK(""DSA-Knowledge/Learn_the_Basics/Md/022_Pattern_11.md"", ""Open"")"
023,Pattern 12,Learn_the_Basics,Easy,,,In Progress,,,"=HYPERLINK(""DSA-Knowledge/Learn_the_Basics/Md/023_Pattern_12.md"", ""Open"")"
024,Pattern 13,Learn_the_Basics,Easy,,,In Progress,,,"=HYPERLINK(""DSA-Knowledge/Learn_the_Basics/Md/024_Pattern_13.md"", ""Open"")"
025,Pattern 14,Learn_the_Basics,Easy,,,In Progress,,,"=HYPERLINK(""DSA-Knowledge/Learn_the_Basics/Md/025_Pattern_14.md"", ""Open"")"
026,Pattern 15,Learn_the_Basics,Easy,,,In Progress,,,"=HYPERLINK(""DSA-Knowledge/Learn_the_Basics/Md/026_Pattern_15.md"", ""Open"")"
027,Pattern 16,Learn_the_Basics,Easy,,,In Progress,,,"=HYPERLINK(""DSA-Knowledge/Learn_the_Basics/Md/027_Pattern_16.md"", ""Open"")"
028,Pattern 17,Learn_the_Basics,Easy,,,In Progress,,,"=HYPERLINK(""DSA-Knowledge/Learn_the_Basics/Md/028_Pattern_17.md"", ""Open"")"
029,Pattern 18,Learn_the_Basics,Easy,,,In Progress,,,"=HYPERLINK(""DSA-Knowledge/Learn_the_Basics/Md/029_Pattern_18.md"", ""Open"")"
030,Pattern 19,Learn_the_Basics,Easy,,,In Progress,,,"=HYPERLINK(""DSA-Knowledge/Learn_the_Basics/Md/030_Pattern_19.md"", ""Open"")"
031,Pattern 20,Learn_the_Basics,Easy,,,In Progress,,,"=HYPERLINK(""DSA-Knowledge/Learn_the_Basics/Md/031_Pattern_20.md"", ""Open"")"
032,Pattern 21,Learn_the_Basics,Easy,,,In Progress,,,"=HYPERLINK(""DSA-Knowledge/Learn_the_Basics/Md/032_Pattern_21.md"", ""Open"")"
033,Pattern 22,Learn_the_Basics,Easy,,,In Progress,,,"=HYPERLINK(""DSA-Knowledge/Learn_the_Basics/Md/033_Pattern_22.md"", ""Open"")"
034,STL,Learn_the_Basics,Easy,,,In Progress,,,"=HYPERLINK(""DSA-Knowledge/Learn_the_Basics/Md/034_STL.md"", ""Open"")"
035,Java Collections,Learn_the_Basics,Easy,,,In Progress,,,"=HYPERLINK(""DSA-Knowledge/Learn_the_Basics/Md/035_Java_Collections.md"", ""Open"")"
036,Count all Digits of a Number,Learn_the_Basics,Easy,,,In Progress,,,"=HYPERLINK(""DSA-Knowledge/Learn_the_Basics/Md/036_Count_all_Digits_of_a_Number.md"", ""Open"")"
037,Reverse a number,Learn_the_Basics,Easy,,,In Progress,,,"=HYPERLINK(""DSA-Knowledge/Learn_the_Basics/Md/037_Reverse_a_number.md"", ""Open"")"
038,Palindrome Number,Learn_the_Basics,Easy,,,In Progress,,,"=HYPERLINK(""DSA-Knowledge/Learn_the_Basics/Md/038_Palindrome_Number.md"", ""Open"")"
039,GCD of Two Numbers,Learn_the_Basics,Easy,,,In Progress,,,"=HYPERLINK(""DSA-Knowledge/Learn_the_Basics/Md/039_GCD_of_Two_Numbers.md"", ""Open"")"
040,Check if the Number is Armstrong,Learn_the_Basics,Easy,,,In Progress,,,"=HYPERLINK(""DSA-Knowledge/Learn_the_Basics/Md/040_Check_if_the_Number_is_Armstrong.md"", ""Open"")"
041,Print all Divisors,Learn_the_Basics,Easy,,,In Progress,,,"=HYPERLINK(""DSA-Knowledge/Learn_the_Basics/Md/041_Print_all_Divisors.md"", ""Open"")"
042,Check for Prime Number,Learn_the_Basics,Easy,,,In Progress,,,"=HYPERLINK(""DSA-Knowledge/Learn_the_Basics/Md/042_Check_for_Prime_Number.md"", ""Open"")"
043,Understand recursion by print something N times,Learn_the_Basics,Easy,,,In Progress,,,"=HYPERLINK(""DSA-Knowledge/Learn_the_Basics/Md/043_Understand_recursion_by_print_something_N_times.md"", ""Open"")"
044,Print name N times using recursion,Learn_the_Basics,Easy,,,In Progress,,,"=HYPERLINK(""DSA-Knowledge/Learn_the_Basics/Md/044_Print_name_N_times_using_recursion.md"", ""Open"")"
045,Print 1 to N using Recursion,Learn_the_Basics,Easy,,,In Progress,,,"=HYPERLINK(""DSA-Knowledge/Learn_the_Basics/Md/045_Print_1_to_N_using_Recursion.md"", ""Open"")"
046,Print N to 1 using Recursion,Learn_the_Basics,Easy,,,In Progress,,,"=HYPERLINK(""DSA-Knowledge/Learn_the_Basics/Md/046_Print_N_to_1_using_Recursion.md"", ""Open"")"
047,Sum of First N Numbers,Learn_the_Basics,Easy,,,In Progress,,,"=HYPERLINK(""DSA-Knowledge/Learn_the_Basics/Md/047_Sum_of_First_N_Numbers.md"", ""Open"")"
048,Factorial of a given number,Learn_the_Basics,Easy,,,In Progress,,,"=HYPERLINK(""DSA-Knowledge/Learn_the_Basics/Md/048_Factorial_of_a_given_number.md"", ""Open"")"
049,Reverse an array,Learn_the_Basics,Easy,,,In Progress,,,"=HYPERLINK(""DSA-Knowledge/Learn_the_Basics/Md/049_Reverse_an_array.md"", ""Open"")"
050,Check if String is Palindrome or Not,Learn_the_Basics,Easy,,,In Progress,,,"=HYPERLINK(""DSA-Knowledge/Learn_the_Basics/Md/050_Check_if_String_is_Palindrome_or_Not.md"", ""Open"")"
051,Fibonacci Number,Learn_the_Basics,Easy,,,In Progress,,,"=HYPERLINK(""DSA-Knowledge/Learn_the_Basics/Md/051_Fibonacci_Number.md"", ""Open"")"
052,Basic Hashing,Learn_the_Basics,Easy,,,In Progress,,,"=HYPERLINK(""DSA-Knowledge/Learn_the_Basics/Md/052_Basic_Hashing.md"", ""Open"")"
053,Counting Frequencies of Array Elements,Learn_the_Basics,Easy,,,In Progress,,,"=HYPERLINK(""DSA-Knowledge/Learn_the_Basics/Md/053_Counting_Frequencies_of_Array_Elements.md"", ""Open"")"
054,Highest Occurring Element in an Array,Learn_the_Basics,Easy,,,In Progress,,,"=HYPERLINK(""DSA-Knowledge/Learn_the_Basics/Md/054_Highest_Occurring_Element_in_an_Array.md"", ""Open"")"
055,Selection Sort,Sorting_Techniques,Easy,,,In Progress,,,"=HYPERLINK(""DSA-Knowledge/Sorting_Techniques/Md/055_Selection_Sort.md"", ""Open"")"
056,Bubble Sort,Sorting_Techniques,Easy,,,In Progress,,,"=HYPERLINK(""DSA-Knowledge/Sorting_Techniques/Md/056_Bubble_Sort.md"", ""Open"")"
057,Insertion Sorting,Sorting_Techniques,Easy,,,In Progress,,,"=HYPERLINK(""DSA-Knowledge/Sorting_Techniques/Md/057_Insertion_Sorting.md"", ""Open"")"
058,Merge Sorting,Sorting_Techniques,Medium,,,In Progress,,,"=HYPERLINK(""DSA-Knowledge/Sorting_Techniques/Md/058_Merge_Sorting.md"", ""Open"")"
059,Recursive Bubble Sort,Sorting_Techniques,Easy,,,In Progress,,,"=HYPERLINK(""DSA-Knowledge/Sorting_Techniques/Md/059_Recursive_Bubble_Sort.md"", ""Open"")"
060,Recursive Insertion Sort,Sorting_Techniques,Easy,,,In Progress,,,"=HYPERLINK(""DSA-Knowledge/Sorting_Techniques/Md/060_Recursive_Insertion_Sort.md"", ""Open"")"
061,Quick Sorting,Sorting_Techniques,Medium,,,In Progress,,,"=HYPERLINK(""DSA-Knowledge/Sorting_Techniques/Md/061_Quick_Sorting.md"", ""Open"")"
062,Largest Element,Arrays,Easy,,,In Progress,,,"=HYPERLINK(""DSA-Knowledge/Arrays/Md/062_Largest_Element.md"", ""Open"")"
063,Second Largest Element,Arrays,Easy,,,In Progress,,,"=HYPERLINK(""DSA-Knowledge/Arrays/Md/063_Second_Largest_Element.md"", ""Open"")"
064,Check if the Array is Sorted II,Arrays,Easy,,,In Progress,,,"=HYPERLINK(""DSA-Knowledge/Arrays/Md/064_Check_if_the_Array_is_Sorted_II.md"", ""Open"")"
065,Remove duplicates from Sorted array,Arrays,Easy,,,In Progress,,,"=HYPERLINK(""DSA-Knowledge/Arrays/Md/065_Remove_duplicates_from_Sorted_array.md"", ""Open"")"
066,Left Rotate Array by One,Arrays,Easy,,,In Progress,,,"=HYPERLINK(""DSA-Knowledge/Arrays/Md/066_Left_Rotate_Array_by_One.md"", ""Open"")"
067,Left Rotate Array by K Places,Arrays,Easy,,,In Progress,,,"=HYPERLINK(""DSA-Knowledge/Arrays/Md/067_Left_Rotate_Array_by_K_Places.md"", ""Open"")"
068,Move Zeros to End,Arrays,Easy,,,In Progress,,,"=HYPERLINK(""DSA-Knowledge/Arrays/Md/068_Move_Zeros_to_End.md"", ""Open"")"
069,Linear Search,Arrays,Easy,,,In Progress,,,"=HYPERLINK(""DSA-Knowledge/Arrays/Md/069_Linear_Search.md"", ""Open"")"
070,Union of two sorted arrays,Arrays,Easy,,,In Progress,,,"=HYPERLINK(""DSA-Knowledge/Arrays/Md/070_Union_of_two_sorted_arrays.md"", ""Open"")"
071,Find missing number,Arrays,Easy,,,In Progress,,,"=HYPERLINK(""DSA-Knowledge/Arrays/Md/071_Find_missing_number.md"", ""Open"")"
072,Maximum Consecutive Ones,Arrays,Easy,,,In Progress,,,"=HYPERLINK(""DSA-Knowledge/Arrays/Md/072_Maximum_Consecutive_Ones.md"", ""Open"")"
073,Find the number that appears once and other numbers twice,Arrays,Easy,,,In Progress,,,"=HYPERLINK(""DSA-Knowledge/Arrays/Md/073_Find_the_number_that_appears_once_and_other_numbers_twice.md"", ""Open"")"
074,Longest subarray with given sum Kpositives,Arrays,Easy,,,In Progress,,,"=HYPERLINK(""DSA-Knowledge/Arrays/Md/074_Longest_subarray_with_given_sum_Kpositives.md"", ""Open"")"
075,Longest subarray with sum K,Arrays,Medium,,,In Progress,,,"=HYPERLINK(""DSA-Knowledge/Arrays/Md/075_Longest_subarray_with_sum_K.md"", ""Open"")"
076,Two Sum,Arrays,Easy,,,In Progress,,,"=HYPERLINK(""DSA-Knowledge/Arrays/Md/076_Two_Sum.md"", ""Open"")"
077,Sort an array of 0s 1s and 2s,Arrays,Medium,,,In Progress,,,"=HYPERLINK(""DSA-Knowledge/Arrays/Md/077_Sort_an_array_of_0s_1s_and_2s.md"", ""Open"")"
078,Majority Element I,Arrays,Medium,,,In Progress,,,"=HYPERLINK(""DSA-Knowledge/Arrays/Md/078_Majority_Element_I.md"", ""Open"")"
079,Kadanes Algorithm,Arrays,Medium,,,In Progress,,,"=HYPERLINK(""DSA-Knowledge/Arrays/Md/079_Kadanes_Algorithm.md"", ""Open"")"
080,Print subarray with maximum subarray sum,Arrays,Medium,,,In Progress,,,"=HYPERLINK(""DSA-Knowledge/Arrays/Md/080_Print_subarray_with_maximum_subarray_sum.md"", ""Open"")"
081,Stock Buy and Sell,Arrays,Easy,,,In Progress,,,"=HYPERLINK(""DSA-Knowledge/Arrays/Md/081_Stock_Buy_and_Sell.md"", ""Open"")"
082,Rearrange array elements by sign,Arrays,Medium,,,In Progress,,,"=HYPERLINK(""DSA-Knowledge/Arrays/Md/082_Rearrange_array_elements_by_sign.md"", ""Open"")"
083,Next Permutation,Arrays,Medium,,,In Progress,,,"=HYPERLINK(""DSA-Knowledge/Arrays/Md/083_Next_Permutation.md"", ""Open"")"
084,Leaders in an Array,Arrays,Easy,,,In Progress,,,"=HYPERLINK(""DSA-Knowledge/Arrays/Md/084_Leaders_in_an_Array.md"", ""Open"")"
085,Longest Consecutive Sequence in an Array,Arrays,Medium,,,In Progress,,,"=HYPERLINK(""DSA-Knowledge/Arrays/Md/085_Longest_Consecutive_Sequence_in_an_Array.md"", ""Open"")"
086,Set Matrix Zeroes,Arrays,Medium,,,In Progress,,,"=HYPERLINK(""DSA-Knowledge/Arrays/Md/086_Set_Matrix_Zeroes.md"", ""Open"")"
087,Rotate matrix by 90 degrees,Arrays,Medium,,,In Progress,,,"=HYPERLINK(""DSA-Knowledge/Arrays/Md/087_Rotate_matrix_by_90_degrees.md"", ""Open"")"
088,Print the matrix in spiral manner,Arrays,Medium,,,In Progress,,,"=HYPERLINK(""DSA-Knowledge/Arrays/Md/088_Print_the_matrix_in_spiral_manner.md"", ""Open"")"
089,Count subarrays with given sum,Arrays,Medium,,,In Progress,,,"=HYPERLINK(""DSA-Knowledge/Arrays/Md/089_Count_subarrays_with_given_sum.md"", ""Open"")"
090,Pascals Triangle I,Arrays,Medium,,,In Progress,,,"=HYPERLINK(""DSA-Knowledge/Arrays/Md/090_Pascals_Triangle_I.md"", ""Open"")"
091,Majority Element II,Arrays,Medium,,,In Progress,,,"=HYPERLINK(""DSA-Knowledge/Arrays/Md/091_Majority_Element_II.md"", ""Open"")"
092,3 Sum,Arrays,Medium,,,In Progress,,,"=HYPERLINK(""DSA-Knowledge/Arrays/Md/092_3_Sum.md"", ""Open"")"
093,4 Sum,Arrays,Medium,,,In Progress,,,"=HYPERLINK(""DSA-Knowledge/Arrays/Md/093_4_Sum.md"", ""Open"")"
094,Largest Subarray with Sum 0,Arrays,Medium,,,In Progress,,,"=HYPERLINK(""DSA-Knowledge/Arrays/Md/094_Largest_Subarray_with_Sum_0.md"", ""Open"")"
095,Count subarrays with given xor K,Arrays,Medium,,,In Progress,,,"=HYPERLINK(""DSA-Knowledge/Arrays/Md/095_Count_subarrays_with_given_xor_K.md"", ""Open"")"
096,Merge Overlapping Subintervals,Arrays,Medium,,,In Progress,,,"=HYPERLINK(""DSA-Knowledge/Arrays/Md/096_Merge_Overlapping_Subintervals.md"", ""Open"")"
097,Merge two sorted arrays without extra space,Arrays,Hard,,,In Progress,,,"=HYPERLINK(""DSA-Knowledge/Arrays/Md/097_Merge_two_sorted_arrays_without_extra_space.md"", ""Open"")"
098,Find the repeating and missing number,Arrays,Medium,,,In Progress,,,"=HYPERLINK(""DSA-Knowledge/Arrays/Md/098_Find_the_repeating_and_missing_number.md"", ""Open"")"
099,Count Inversions,Arrays,Hard,,,In Progress,,,"=HYPERLINK(""DSA-Knowledge/Arrays/Md/099_Count_Inversions.md"", ""Open"")"
100,Reverse Pairs,Arrays,Hard,,,In Progress,,,"=HYPERLINK(""DSA-Knowledge/Arrays/Md/100_Reverse_Pairs.md"", ""Open"")"
101,Maximum Product Subarray in an Array,Arrays,Medium,,,In Progress,,,"=HYPERLINK(""DSA-Knowledge/Arrays/Md/101_Maximum_Product_Subarray_in_an_Array.md"", ""Open"")"
102,Search X in sorted array,Binary_Search,Easy,,,In Progress,,,"=HYPERLINK(""DSA-Knowledge/Binary_Search/Md/102_Search_X_in_sorted_array.md"", ""Open"")"
103,Lower Bound,Binary_Search,Easy,,,In Progress,,,"=HYPERLINK(""DSA-Knowledge/Binary_Search/Md/103_Lower_Bound.md"", ""Open"")"
104,Upper Bound,Binary_Search,Easy,,,In Progress,,,"=HYPERLINK(""DSA-Knowledge/Binary_Search/Md/104_Upper_Bound.md"", ""Open"")"
105,Search insert position,Binary_Search,Easy,,,In Progress,,,"=HYPERLINK(""DSA-Knowledge/Binary_Search/Md/105_Search_insert_position.md"", ""Open"")"
106,Floor and Ceil in Sorted Array,Binary_Search,Easy,,,In Progress,,,"=HYPERLINK(""DSA-Knowledge/Binary_Search/Md/106_Floor_and_Ceil_in_Sorted_Array.md"", ""Open"")"
107,First and last occurrence,Binary_Search,Easy,,,In Progress,,,"=HYPERLINK(""DSA-Knowledge/Binary_Search/Md/107_First_and_last_occurrence.md"", ""Open"")"
108,Count Occurrences in a Sorted Array,Binary_Search,Easy,,,In Progress,,,"=HYPERLINK(""DSA-Knowledge/Binary_Search/Md/108_Count_Occurrences_in_a_Sorted_Array.md"", ""Open"")"
109,Search in rotated sorted array I,Binary_Search,Medium,,,In Progress,,,"=HYPERLINK(""DSA-Knowledge/Binary_Search/Md/109_Search_in_rotated_sorted_array_I.md"", ""Open"")"
110,Search in rotated sorted array II,Binary_Search,Medium,,,In Progress,,,"=HYPERLINK(""DSA-Knowledge/Binary_Search/Md/110_Search_in_rotated_sorted_array_II.md"", ""Open"")"
111,Find minimum in Rotated Sorted Array,Binary_Search,Medium,,,In Progress,,,"=HYPERLINK(""DSA-Knowledge/Binary_Search/Md/111_Find_minimum_in_Rotated_Sorted_Array.md"", ""Open"")"
112,Find out how many times the array is rotated,Binary_Search,Medium,,,In Progress,,,"=HYPERLINK(""DSA-Knowledge/Binary_Search/Md/112_Find_out_how_many_times_the_array_is_rotated.md"", ""Open"")"
113,Single element in a Sorted Array,Binary_Search,Medium,,,In Progress,,,"=HYPERLINK(""DSA-Knowledge/Binary_Search/Md/113_Single_element_in_a_Sorted_Array.md"", ""Open"")"
114,Find peak element,Binary_Search,Medium,,,In Progress,,,"=HYPERLINK(""DSA-Knowledge/Binary_Search/Md/114_Find_peak_element.md"", ""Open"")"
115,Find square root of a number,Binary_Search,Easy,,,In Progress,,,"=HYPERLINK(""DSA-Knowledge/Binary_Search/Md/115_Find_square_root_of_a_number.md"", ""Open"")"
116,Find Nth root of a number,Binary_Search,Medium,,,In Progress,,,"=HYPERLINK(""DSA-Knowledge/Binary_Search/Md/116_Find_Nth_root_of_a_number.md"", ""Open"")"
117,Koko eating bananas,Binary_Search,Medium,,,In Progress,,,"=HYPERLINK(""DSA-Knowledge/Binary_Search/Md/117_Koko_eating_bananas.md"", ""Open"")"
118,Minimum days to make M bouquets,Binary_Search,Medium,,,In Progress,,,"=HYPERLINK(""DSA-Knowledge/Binary_Search/Md/118_Minimum_days_to_make_M_bouquets.md"", ""Open"")"
119,Find the smallest divisor,Binary_Search,Medium,,,In Progress,,,"=HYPERLINK(""DSA-Knowledge/Binary_Search/Md/119_Find_the_smallest_divisor.md"", ""Open"")"
120,Capacity to Ship Packages Within D Days,Binary_Search,Medium,,,In Progress,,,"=HYPERLINK(""DSA-Knowledge/Binary_Search/Md/120_Capacity_to_Ship_Packages_Within_D_Days.md"", ""Open"")"
121,Kth Missing Positive Number,Binary_Search,Easy,,,In Progress,,,"=HYPERLINK(""DSA-Knowledge/Binary_Search/Md/121_Kth_Missing_Positive_Number.md"", ""Open"")"
122,Aggressive Cows,Binary_Search,,,,Not Started,,,"=HYPERLINK(""DSA-Knowledge/Binary_Search/Md/122_Aggressive_Cows.md"", ""Open"")"
123,Book Allocation Problem,Binary_Search,,,,Not Started,,,"=HYPERLINK(""DSA-Knowledge/Binary_Search/Md/123_Book_Allocation_Problem.md"", ""Open"")"
124,Split array largest sum,Binary_Search,Hard,,,In Progress,,,"=HYPERLINK(""DSA-Knowledge/Binary_Search/Md/124_Split_array_largest_sum.md"", ""Open"")"
125,Painters Partition,Binary_Search,Hard,,,In Progress,,,"=HYPERLINK(""DSA-Knowledge/Binary_Search/Md/125_Painters_Partition.md"", ""Open"")"
126,Minimize Max Distance to Gas Station,Binary_Search,Hard,,,In Progress,,,"=HYPERLINK(""DSA-Knowledge/Binary_Search/Md/126_Minimize_Max_Distance_to_Gas_Station.md"", ""Open"")"
127,Median of 2 sorted arrays,Binary_Search,,,,Not Started,,,"=HYPERLINK(""DSA-Knowledge/Binary_Search/Md/127_Median_of_2_sorted_arrays.md"", ""Open"")"
128,Kth element of 2 sorted arrays,Binary_Search,Medium,,,In Progress,,,"=HYPERLINK(""DSA-Knowledge/Binary_Search/Md/128_Kth_element_of_2_sorted_arrays.md"", ""Open"")"
129,Find row with maximum 1s,Binary_Search,Medium,,,In Progress,,,"=HYPERLINK(""DSA-Knowledge/Binary_Search/Md/129_Find_row_with_maximum_1s.md"", ""Open"")"
130,Search in a 2D matrix,Binary_Search,Medium,,,In Progress,,,"=HYPERLINK(""DSA-Knowledge/Binary_Search/Md/130_Search_in_a_2D_matrix.md"", ""Open"")"
131,Search in 2D matrix II,Binary_Search,Medium,,,In Progress,,,"=HYPERLINK(""DSA-Knowledge/Binary_Search/Md/131_Search_in_2D_matrix_II.md"", ""Open"")"
132,Find Peak Element II,Binary_Search,Hard,,,In Progress,,,"=HYPERLINK(""DSA-Knowledge/Binary_Search/Md/132_Find_Peak_Element_II.md"", ""Open"")"
133,Matrix Median,Binary_Search,Hard,,,In Progress,,,"=HYPERLINK(""DSA-Knowledge/Binary_Search/Md/133_Matrix_Median.md"", ""Open"")"
134,Remove Outermost Parentheses,Strings,Easy,,,In Progress,,,"=HYPERLINK(""DSA-Knowledge/Strings/Md/134_Remove_Outermost_Parentheses.md"", ""Open"")"
135,Reverse words in a given string Palindrome Check,Strings,Easy,,,In Progress,,,"=HYPERLINK(""DSA-Knowledge/Strings/Md/135_Reverse_words_in_a_given_string_Palindrome_Check.md"", ""Open"")"
136,Largest Odd Number in a String,Strings,Easy,,,In Progress,,,"=HYPERLINK(""DSA-Knowledge/Strings/Md/136_Largest_Odd_Number_in_a_String.md"", ""Open"")"
137,Longest Common Prefix,Strings,Easy,,,In Progress,,,"=HYPERLINK(""DSA-Knowledge/Strings/Md/137_Longest_Common_Prefix.md"", ""Open"")"
138,Isomorphic String,Strings,Easy,,,In Progress,,,"=HYPERLINK(""DSA-Knowledge/Strings/Md/138_Isomorphic_String.md"", ""Open"")"
139,Rotate String,Strings,Easy,,,In Progress,,,"=HYPERLINK(""DSA-Knowledge/Strings/Md/139_Rotate_String.md"", ""Open"")"
140,Check if two strings are anagram of each other,Strings,Easy,,,In Progress,,,"=HYPERLINK(""DSA-Knowledge/Strings/Md/140_Check_if_two_strings_are_anagram_of_each_other.md"", ""Open"")"
141,Sort Characters by Frequency,Strings,Medium,,,In Progress,,,"=HYPERLINK(""DSA-Knowledge/Strings/Md/141_Sort_Characters_by_Frequency.md"", ""Open"")"
142,Maximum Nesting Depth of the Parentheses,Strings,Medium,,,In Progress,,,"=HYPERLINK(""DSA-Knowledge/Strings/Md/142_Maximum_Nesting_Depth_of_the_Parentheses.md"", ""Open"")"
143,Roman to Integer,Strings,Medium,,,In Progress,,,"=HYPERLINK(""DSA-Knowledge/Strings/Md/143_Roman_to_Integer.md"", ""Open"")"
144,String to Integer atoi,Strings,Medium,,,In Progress,,,"=HYPERLINK(""DSA-Knowledge/Strings/Md/144_String_to_Integer_atoi.md"", ""Open"")"
145,Count Number of Substrings,Strings,Medium,,,In Progress,,,"=HYPERLINK(""DSA-Knowledge/Strings/Md/145_Count_Number_of_Substrings.md"", ""Open"")"
146,Longest Palindromic Substring,Strings,Medium,,,In Progress,,,"=HYPERLINK(""DSA-Knowledge/Strings/Md/146_Longest_Palindromic_Substring.md"", ""Open"")"
147,Sum of Beauty of All Substrings,Strings,Medium,,,In Progress,,,"=HYPERLINK(""DSA-Knowledge/Strings/Md/147_Sum_of_Beauty_of_All_Substrings.md"", ""Open"")"
148,Reverse every word in a string,Strings,Medium,,,In Progress,,,"=HYPERLINK(""DSA-Knowledge/Strings/Md/148_Reverse_every_word_in_a_string.md"", ""Open"")"
149,Introduction to Singly LinkedList,LinkedList,Easy,,,In Progress,,,"=HYPERLINK(""DSA-Knowledge/LinkedList/Md/149_Introduction_to_Singly_LinkedList.md"", ""Open"")"
150,Insertion at the head of Linked List,LinkedList,Easy,,,In Progress,,,"=HYPERLINK(""DSA-Knowledge/LinkedList/Md/150_Insertion_at_the_head_of_Linked_List.md"", ""Open"")"
151,Deletion of the head of LL,LinkedList,Easy,,,In Progress,,,"=HYPERLINK(""DSA-Knowledge/LinkedList/Md/151_Deletion_of_the_head_of_LL.md"", ""Open"")"
152,Find the length of the Linked List,LinkedList,Easy,,,In Progress,,,"=HYPERLINK(""DSA-Knowledge/LinkedList/Md/152_Find_the_length_of_the_Linked_List.md"", ""Open"")"
153,Search in Linked List,LinkedList,Easy,,,In Progress,,,"=HYPERLINK(""DSA-Knowledge/LinkedList/Md/153_Search_in_Linked_List.md"", ""Open"")"
154,Introduction to Doubly LL,LinkedList,Easy,,,In Progress,,,"=HYPERLINK(""DSA-Knowledge/LinkedList/Md/154_Introduction_to_Doubly_LL.md"", ""Open"")"
155,Insert node before head in Doubly Linked List,LinkedList,Easy,,,In Progress,,,"=HYPERLINK(""DSA-Knowledge/LinkedList/Md/155_Insert_node_before_head_in_Doubly_Linked_List.md"", ""Open"")"
156,Delete head of Doubly Linked List,LinkedList,Easy,,,In Progress,,,"=HYPERLINK(""DSA-Knowledge/LinkedList/Md/156_Delete_head_of_Doubly_Linked_List.md"", ""Open"")"
157,Reverse a Doubly Linked List,LinkedList,Easy,,,In Progress,,,"=HYPERLINK(""DSA-Knowledge/LinkedList/Md/157_Reverse_a_Doubly_Linked_List.md"", ""Open"")"
158,Middle of a LinkedList TortoiseHare Method,LinkedList,Medium,,,In Progress,,,"=HYPERLINK(""DSA-Knowledge/LinkedList/Md/158_Middle_of_a_LinkedList_TortoiseHare_Method.md"", ""Open"")"
159,Reverse a LinkedList Iterative,LinkedList,Medium,,,In Progress,,,"=HYPERLINK(""DSA-Knowledge/LinkedList/Md/159_Reverse_a_LinkedList_Iterative.md"", ""Open"")"
160,Reverse a LL Recursive,LinkedList,Medium,,,In Progress,,,"=HYPERLINK(""DSA-Knowledge/LinkedList/Md/160_Reverse_a_LL_Recursive.md"", ""Open"")"
161,Detect a loop in LL,LinkedList,Medium,,,In Progress,,,"=HYPERLINK(""DSA-Knowledge/LinkedList/Md/161_Detect_a_loop_in_LL.md"", ""Open"")"
162,Find the starting point in LL,LinkedList,Medium,,,In Progress,,,"=HYPERLINK(""DSA-Knowledge/LinkedList/Md/162_Find_the_starting_point_in_LL.md"", ""Open"")"
163,Length of loop in LL,LinkedList,Medium,,,In Progress,,,"=HYPERLINK(""DSA-Knowledge/LinkedList/Md/163_Length_of_loop_in_LL.md"", ""Open"")"
164,Check if LL is palindrome or not,LinkedList,Medium,,,In Progress,,,"=HYPERLINK(""DSA-Knowledge/LinkedList/Md/164_Check_if_LL_is_palindrome_or_not.md"", ""Open"")"
165,Segregate odd and even nodes in Linked List,LinkedList,Medium,,,In Progress,,,"=HYPERLINK(""DSA-Knowledge/LinkedList/Md/165_Segregate_odd_and_even_nodes_in_Linked_List.md"", ""Open"")"
166,Remove Nth node from the back of the LL,LinkedList,Medium,,,In Progress,,,"=HYPERLINK(""DSA-Knowledge/LinkedList/Md/166_Remove_Nth_node_from_the_back_of_the_LL.md"", ""Open"")"
167,Delete the middle node in LL,LinkedList,Medium,,,In Progress,,,"=HYPERLINK(""DSA-Knowledge/LinkedList/Md/167_Delete_the_middle_node_in_LL.md"", ""Open"")"
168,Sort LL,LinkedList,Medium,,,In Progress,,,"=HYPERLINK(""DSA-Knowledge/LinkedList/Md/168_Sort_LL.md"", ""Open"")"
169,Sort a Linked List of 0s 1s and 2s,LinkedList,Medium,,,In Progress,,,"=HYPERLINK(""DSA-Knowledge/LinkedList/Md/169_Sort_a_Linked_List_of_0s_1s_and_2s.md"", ""Open"")"
170,Find the intersection point of Y LL,LinkedList,Medium,,,In Progress,,,"=HYPERLINK(""DSA-Knowledge/LinkedList/Md/170_Find_the_intersection_point_of_Y_LL.md"", ""Open"")"
171,Add one to a number represented by LL,LinkedList,Medium,,,In Progress,,,"=HYPERLINK(""DSA-Knowledge/LinkedList/Md/171_Add_one_to_a_number_represented_by_LL.md"", ""Open"")"
172,Add two numbers in Linked List,LinkedList,Medium,,,In Progress,,,"=HYPERLINK(""DSA-Knowledge/LinkedList/Md/172_Add_two_numbers_in_Linked_List.md"", ""Open"")"
173,Delete all occurrences of a key in DLL,LinkedList,Medium,,,In Progress,,,"=HYPERLINK(""DSA-Knowledge/LinkedList/Md/173_Delete_all_occurrences_of_a_key_in_DLL.md"", ""Open"")"
174,Find Pairs with Given Sum in Doubly Linked List,LinkedList,Medium,,,In Progress,,,"=HYPERLINK(""DSA-Knowledge/LinkedList/Md/174_Find_Pairs_with_Given_Sum_in_Doubly_Linked_List.md"", ""Open"")"
175,Remove duplicates from sorted DLL,LinkedList,Medium,,,In Progress,,,"=HYPERLINK(""DSA-Knowledge/LinkedList/Md/175_Remove_duplicates_from_sorted_DLL.md"", ""Open"")"
176,Reverse LL in group of given size K,LinkedList,Hard,,,In Progress,,,"=HYPERLINK(""DSA-Knowledge/LinkedList/Md/176_Reverse_LL_in_group_of_given_size_K.md"", ""Open"")"
177,Rotate a LL,LinkedList,Hard,,,In Progress,,,"=HYPERLINK(""DSA-Knowledge/LinkedList/Md/177_Rotate_a_LL.md"", ""Open"")"
178,Flattening of LL,LinkedList,Hard,,,In Progress,,,"=HYPERLINK(""DSA-Knowledge/LinkedList/Md/178_Flattening_of_LL.md"", ""Open"")"
179,Clone a LL with random and next pointer,LinkedList,Hard,,,In Progress,,,"=HYPERLINK(""DSA-Knowledge/LinkedList/Md/179_Clone_a_LL_with_random_and_next_pointer.md"", ""Open"")"
180,Recursive Implementation of atoi,Recursion,Medium,,,In Progress,,,"=HYPERLINK(""DSA-Knowledge/Recursion/Md/180_Recursive_Implementation_of_atoi.md"", ""Open"")"
181,Powx n,Recursion,Medium,,,In Progress,,,"=HYPERLINK(""DSA-Knowledge/Recursion/Md/181_Powx_n.md"", ""Open"")"
182,Count Good Numbers,Recursion,Medium,,,In Progress,,,"=HYPERLINK(""DSA-Knowledge/Recursion/Md/182_Count_Good_Numbers.md"", ""Open"")"
183,Sort a stack using recursion,Recursion,Medium,,,In Progress,,,"=HYPERLINK(""DSA-Knowledge/Recursion/Md/183_Sort_a_stack_using_recursion.md"", ""Open"")"
184,Reverse a Stack,Recursion,Medium,,,In Progress,,,"=HYPERLINK(""DSA-Knowledge/Recursion/Md/184_Reverse_a_Stack.md"", ""Open"")"
185,Generate Binary Strings Without Consecutive 1s,Recursion,Medium,,,In Progress,,,"=HYPERLINK(""DSA-Knowledge/Recursion/Md/185_Generate_Binary_Strings_Without_Consecutive_1s.md"", ""Open"")"
186,Generate Parentheses,Recursion,Medium,,,In Progress,,,"=HYPERLINK(""DSA-Knowledge/Recursion/Md/186_Generate_Parentheses.md"", ""Open"")"
187,Power Set,Recursion,Medium,,,In Progress,,,"=HYPERLINK(""DSA-Knowledge/Recursion/Md/187_Power_Set.md"", ""Open"")"
188,Learn All Patterns of Subsequences Theory,Recursion,Medium,,,In Progress,,,"=HYPERLINK(""DSA-Knowledge/Recursion/Md/188_Learn_All_Patterns_of_Subsequences_Theory.md"", ""Open"")"
189,Count all subsequences with sum K,Recursion,Medium,,,In Progress,,,"=HYPERLINK(""DSA-Knowledge/Recursion/Md/189_Count_all_subsequences_with_sum_K.md"", ""Open"")"
190,Check if there exists a subsequence with sum K,Recursion,Medium,,,In Progress,,,"=HYPERLINK(""DSA-Knowledge/Recursion/Md/190_Check_if_there_exists_a_subsequence_with_sum_K.md"", ""Open"")"
191,Combination Sum,Recursion,Medium,,,In Progress,,,"=HYPERLINK(""DSA-Knowledge/Recursion/Md/191_Combination_Sum.md"", ""Open"")"
192,Combination Sum II,Recursion,Medium,,,In Progress,,,"=HYPERLINK(""DSA-Knowledge/Recursion/Md/192_Combination_Sum_II.md"", ""Open"")"
193,Subsets I,Recursion,Medium,,,In Progress,,,"=HYPERLINK(""DSA-Knowledge/Recursion/Md/193_Subsets_I.md"", ""Open"")"
194,Subsets II,Recursion,Medium,,,In Progress,,,"=HYPERLINK(""DSA-Knowledge/Recursion/Md/194_Subsets_II.md"", ""Open"")"
195,Combination Sum III,Recursion,Medium,,,In Progress,,,"=HYPERLINK(""DSA-Knowledge/Recursion/Md/195_Combination_Sum_III.md"", ""Open"")"
196,Letter Combinations of a Phone Number,Recursion,Medium,,,In Progress,,,"=HYPERLINK(""DSA-Knowledge/Recursion/Md/196_Letter_Combinations_of_a_Phone_Number.md"", ""Open"")"
197,Palindrome partitioning,Recursion,Hard,,,In Progress,,,"=HYPERLINK(""DSA-Knowledge/Recursion/Md/197_Palindrome_partitioning.md"", ""Open"")"
198,Word Search,Recursion,Hard,,,In Progress,,,"=HYPERLINK(""DSA-Knowledge/Recursion/Md/198_Word_Search.md"", ""Open"")"
199,N Queen,Recursion,,,,Not Started,,,"=HYPERLINK(""DSA-Knowledge/Recursion/Md/199_N_Queen.md"", ""Open"")"
200,Rat in a Maze,Recursion,Hard,,,In Progress,,,"=HYPERLINK(""DSA-Knowledge/Recursion/Md/200_Rat_in_a_Maze.md"", ""Open"")"
201,Word Break,Recursion,Hard,,,In Progress,,,"=HYPERLINK(""DSA-Knowledge/Recursion/Md/201_Word_Break.md"", ""Open"")"
202,M Coloring Problem,Recursion,Hard,,,In Progress,,,"=HYPERLINK(""DSA-Knowledge/Recursion/Md/202_M_Coloring_Problem.md"", ""Open"")"
203,Sudoku Solver,Recursion,Hard,,,In Progress,,,"=HYPERLINK(""DSA-Knowledge/Recursion/Md/203_Sudoku_Solver.md"", ""Open"")"
204,Expression Add Operators,Recursion,Hard,,,In Progress,,,"=HYPERLINK(""DSA-Knowledge/Recursion/Md/204_Expression_Add_Operators.md"", ""Open"")"
205,Introduction to Bits and Tricks,Bit_Manipulation,Easy,,,In Progress,,,"=HYPERLINK(""DSA-Knowledge/Bit_Manipulation/Md/205_Introduction_to_Bits_and_Tricks.md"", ""Open"")"
206,Check if the i th bit is Set or Not,Bit_Manipulation,Easy,,,In Progress,,,"=HYPERLINK(""DSA-Knowledge/Bit_Manipulation/Md/206_Check_if_the_i_th_bit_is_Set_or_Not.md"", ""Open"")"
207,Check if a Number is Odd or Not,Bit_Manipulation,Easy,,,In Progress,,,"=HYPERLINK(""DSA-Knowledge/Bit_Manipulation/Md/207_Check_if_a_Number_is_Odd_or_Not.md"", ""Open"")"
208,Check if a Number is Power of 2 or Not,Bit_Manipulation,Easy,,,In Progress,,,"=HYPERLINK(""DSA-Knowledge/Bit_Manipulation/Md/208_Check_if_a_Number_is_Power_of_2_or_Not.md"", ""Open"")"
209,Count the Number of Set Bits,Bit_Manipulation,Easy,,,In Progress,,,"=HYPERLINK(""DSA-Knowledge/Bit_Manipulation/Md/209_Count_the_Number_of_Set_Bits.md"", ""Open"")"
210,SetUnset the rightmost unset bit,Bit_Manipulation,Easy,,,In Progress,,,"=HYPERLINK(""DSA-Knowledge/Bit_Manipulation/Md/210_SetUnset_the_rightmost_unset_bit.md"", ""Open"")"
211,Swap Two Numbers,Bit_Manipulation,Easy,,,In Progress,,,"=HYPERLINK(""DSA-Knowledge/Bit_Manipulation/Md/211_Swap_Two_Numbers.md"", ""Open"")"
212,Divide two numbers without multiplication and division,Bit_Manipulation,Easy,,,In Progress,,,"=HYPERLINK(""DSA-Knowledge/Bit_Manipulation/Md/212_Divide_two_numbers_without_multiplication_and_division.md"", ""Open"")"
213,Minimum Bit Flips to Convert Number,Bit_Manipulation,Medium,,,In Progress,,,"=HYPERLINK(""DSA-Knowledge/Bit_Manipulation/Md/213_Minimum_Bit_Flips_to_Convert_Number.md"", ""Open"")"
214,Single Number I,Bit_Manipulation,Medium,,,In Progress,,,"=HYPERLINK(""DSA-Knowledge/Bit_Manipulation/Md/214_Single_Number_I.md"", ""Open"")"
215,Power Set Bit Manipulation,Bit_Manipulation,Medium,,,In Progress,,,"=HYPERLINK(""DSA-Knowledge/Bit_Manipulation/Md/215_Power_Set_Bit_Manipulation.md"", ""Open"")"
216,XOR of numbers in a given range,Bit_Manipulation,Medium,,,In Progress,,,"=HYPERLINK(""DSA-Knowledge/Bit_Manipulation/Md/216_XOR_of_numbers_in_a_given_range.md"", ""Open"")"
217,Single Number III,Bit_Manipulation,Medium,,,In Progress,,,"=HYPERLINK(""DSA-Knowledge/Bit_Manipulation/Md/217_Single_Number_III.md"", ""Open"")"
218,Print Prime Factors of a Number,Bit_Manipulation,Medium,,,In Progress,,,"=HYPERLINK(""DSA-Knowledge/Bit_Manipulation/Md/218_Print_Prime_Factors_of_a_Number.md"", ""Open"")"
219,Divisors of a Number,Bit_Manipulation,Medium,,,In Progress,,,"=HYPERLINK(""DSA-Knowledge/Bit_Manipulation/Md/219_Divisors_of_a_Number.md"", ""Open"")"
220,Count primes in range L to R,Bit_Manipulation,Medium,,,In Progress,,,"=HYPERLINK(""DSA-Knowledge/Bit_Manipulation/Md/220_Count_primes_in_range_L_to_R.md"", ""Open"")"
221,Prime factorisation of a Number,Bit_Manipulation,Medium,,,In Progress,,,"=HYPERLINK(""DSA-Knowledge/Bit_Manipulation/Md/221_Prime_factorisation_of_a_Number.md"", ""Open"")"
222,Powxn,Bit_Manipulation,Medium,,,In Progress,,,"=HYPERLINK(""DSA-Knowledge/Bit_Manipulation/Md/222_Powxn.md"", ""Open"")"
223,Implement Stack using Arrays,Stack_and_Queues,Easy,,,In Progress,,,"=HYPERLINK(""DSA-Knowledge/Stack_and_Queues/Md/223_Implement_Stack_using_Arrays.md"", ""Open"")"
224,Implement Queue using Arrays,Stack_and_Queues,Easy,,,In Progress,,,"=HYPERLINK(""DSA-Knowledge/Stack_and_Queues/Md/224_Implement_Queue_using_Arrays.md"", ""Open"")"
225,Implement Stack using Queue,Stack_and_Queues,Easy,,,In Progress,,,"=HYPERLINK(""DSA-Knowledge/Stack_and_Queues/Md/225_Implement_Stack_using_Queue.md"", ""Open"")"
226,Implement Queue using Stack,Stack_and_Queues,Easy,,,In Progress,,,"=HYPERLINK(""DSA-Knowledge/Stack_and_Queues/Md/226_Implement_Queue_using_Stack.md"", ""Open"")"
227,Implement stack using Linkedlist,Stack_and_Queues,Easy,,,In Progress,,,"=HYPERLINK(""DSA-Knowledge/Stack_and_Queues/Md/227_Implement_stack_using_Linkedlist.md"", ""Open"")"
228,Implement queue using Linkedlist,Stack_and_Queues,Easy,,,In Progress,,,"=HYPERLINK(""DSA-Knowledge/Stack_and_Queues/Md/228_Implement_queue_using_Linkedlist.md"", ""Open"")"
229,Balanced Paranthesis,Stack_and_Queues,Easy,,,In Progress,,,"=HYPERLINK(""DSA-Knowledge/Stack_and_Queues/Md/229_Balanced_Paranthesis.md"", ""Open"")"
230,Implement Min Stack,Stack_and_Queues,Easy,,,In Progress,,,"=HYPERLINK(""DSA-Knowledge/Stack_and_Queues/Md/230_Implement_Min_Stack.md"", ""Open"")"
231,Infix to Postfix Conversion,Stack_and_Queues,Medium,,,In Progress,,,"=HYPERLINK(""DSA-Knowledge/Stack_and_Queues/Md/231_Infix_to_Postfix_Conversion.md"", ""Open"")"
232,Prefix to Infix Conversion,Stack_and_Queues,Medium,,,In Progress,,,"=HYPERLINK(""DSA-Knowledge/Stack_and_Queues/Md/232_Prefix_to_Infix_Conversion.md"", ""Open"")"
233,Prefix to Postfix Conversion,Stack_and_Queues,Medium,,,In Progress,,,"=HYPERLINK(""DSA-Knowledge/Stack_and_Queues/Md/233_Prefix_to_Postfix_Conversion.md"", ""Open"")"
234,Postfix to Prefix Conversion,Stack_and_Queues,Medium,,,In Progress,,,"=HYPERLINK(""DSA-Knowledge/Stack_and_Queues/Md/234_Postfix_to_Prefix_Conversion.md"", ""Open"")"
235,Postfix to Infix Conversion,Stack_and_Queues,Medium,,,In Progress,,,"=HYPERLINK(""DSA-Knowledge/Stack_and_Queues/Md/235_Postfix_to_Infix_Conversion.md"", ""Open"")"
236,Infix to Prefix Conversion,Stack_and_Queues,Medium,,,In Progress,,,"=HYPERLINK(""DSA-Knowledge/Stack_and_Queues/Md/236_Infix_to_Prefix_Conversion.md"", ""Open"")"
237,Next Greater Element,Stack_and_Queues,Medium,,,In Progress,,,"=HYPERLINK(""DSA-Knowledge/Stack_and_Queues/Md/237_Next_Greater_Element.md"", ""Open"")"
238,Next Greater Element 2,Stack_and_Queues,Medium,,,In Progress,,,"=HYPERLINK(""DSA-Knowledge/Stack_and_Queues/Md/238_Next_Greater_Element_2.md"", ""Open"")"
239,Next Smaller Element,Stack_and_Queues,Medium,,,In Progress,,,"=HYPERLINK(""DSA-Knowledge/Stack_and_Queues/Md/239_Next_Smaller_Element.md"", ""Open"")"
240,Number of Greater Elements to the Right,Stack_and_Queues,Medium,,,In Progress,,,"=HYPERLINK(""DSA-Knowledge/Stack_and_Queues/Md/240_Number_of_Greater_Elements_to_the_Right.md"", ""Open"")"
241,Trapping Rainwater,Stack_and_Queues,Hard,,,In Progress,,,"=HYPERLINK(""DSA-Knowledge/Stack_and_Queues/Md/241_Trapping_Rainwater.md"", ""Open"")"
242,Sum of Subarray Minimums,Stack_and_Queues,Hard,,,In Progress,,,"=HYPERLINK(""DSA-Knowledge/Stack_and_Queues/Md/242_Sum_of_Subarray_Minimums.md"", ""Open"")"
243,Asteroid Collision,Stack_and_Queues,Medium,,,In Progress,,,"=HYPERLINK(""DSA-Knowledge/Stack_and_Queues/Md/243_Asteroid_Collision.md"", ""Open"")"
244,Sum of Subarray Ranges,Stack_and_Queues,Medium,,,In Progress,,,"=HYPERLINK(""DSA-Knowledge/Stack_and_Queues/Md/244_Sum_of_Subarray_Ranges.md"", ""Open"")"
245,Remove K Digits,Stack_and_Queues,Medium,,,In Progress,,,"=HYPERLINK(""DSA-Knowledge/Stack_and_Queues/Md/245_Remove_K_Digits.md"", ""Open"")"
246,Largest rectangle in a histogram,Stack_and_Queues,,,,Not Started,,,"=HYPERLINK(""DSA-Knowledge/Stack_and_Queues/Md/246_Largest_rectangle_in_a_histogram.md"", ""Open"")"
247,Maximum Rectangles,Stack_and_Queues,Hard,,,In Progress,,,"=HYPERLINK(""DSA-Knowledge/Stack_and_Queues/Md/247_Maximum_Rectangles.md"", ""Open"")"
248,Sliding Window Maximum,Stack_and_Queues,Hard,,,In Progress,,,"=HYPERLINK(""DSA-Knowledge/Stack_and_Queues/Md/248_Sliding_Window_Maximum.md"", ""Open"")"
249,Stock span problem,Stack_and_Queues,Medium,,,In Progress,,,"=HYPERLINK(""DSA-Knowledge/Stack_and_Queues/Md/249_Stock_span_problem.md"", ""Open"")"
250,Celebrity Problem,Stack_and_Queues,Medium,,,In Progress,,,"=HYPERLINK(""DSA-Knowledge/Stack_and_Queues/Md/250_Celebrity_Problem.md"", ""Open"")"
251,LRU Cache,Stack_and_Queues,,,,Not Started,,,"=HYPERLINK(""DSA-Knowledge/Stack_and_Queues/Md/251_LRU_Cache.md"", ""Open"")"
252,LFU Cache,Stack_and_Queues,Hard,,,In Progress,,,"=HYPERLINK(""DSA-Knowledge/Stack_and_Queues/Md/252_LFU_Cache.md"", ""Open"")"
253,Longest Substring Without Repeating Characters,Sliding_Window_and_Two_Pointer,Medium,,,In Progress,,,"=HYPERLINK(""DSA-Knowledge/Sliding_Window_and_Two_Pointer/Md/253_Longest_Substring_Without_Repeating_Characters.md"", ""Open"")"
254,Max Consecutive Ones III,Sliding_Window_and_Two_Pointer,Medium,,,In Progress,,,"=HYPERLINK(""DSA-Knowledge/Sliding_Window_and_Two_Pointer/Md/254_Max_Consecutive_Ones_III.md"", ""Open"")"
255,Fruit Into Baskets,Sliding_Window_and_Two_Pointer,Medium,,,In Progress,,,"=HYPERLINK(""DSA-Knowledge/Sliding_Window_and_Two_Pointer/Md/255_Fruit_Into_Baskets.md"", ""Open"")"
256,Longest Repeating Character Replacement,Sliding_Window_and_Two_Pointer,Medium,,,In Progress,,,"=HYPERLINK(""DSA-Knowledge/Sliding_Window_and_Two_Pointer/Md/256_Longest_Repeating_Character_Replacement.md"", ""Open"")"
257,Binary Subarrays With Sum,Sliding_Window_and_Two_Pointer,Medium,,,In Progress,,,"=HYPERLINK(""DSA-Knowledge/Sliding_Window_and_Two_Pointer/Md/257_Binary_Subarrays_With_Sum.md"", ""Open"")"
258,Count number of Nice subarrays,Sliding_Window_and_Two_Pointer,Medium,,,In Progress,,,"=HYPERLINK(""DSA-Knowledge/Sliding_Window_and_Two_Pointer/Md/258_Count_number_of_Nice_subarrays.md"", ""Open"")"
259,Number of Substrings Containing All Three Characters,Sliding_Window_and_Two_Pointer,Medium,,,In Progress,,,"=HYPERLINK(""DSA-Knowledge/Sliding_Window_and_Two_Pointer/Md/259_Number_of_Substrings_Containing_All_Three_Characters.md"", ""Open"")"
260,Maximum Points You Can Obtain from Cards,Sliding_Window_and_Two_Pointer,Medium,,,In Progress,,,"=HYPERLINK(""DSA-Knowledge/Sliding_Window_and_Two_Pointer/Md/260_Maximum_Points_You_Can_Obtain_from_Cards.md"", ""Open"")"
261,Longest Substring With At Most K Distinct Characters,Sliding_Window_and_Two_Pointer,Hard,,,In Progress,,,"=HYPERLINK(""DSA-Knowledge/Sliding_Window_and_Two_Pointer/Md/261_Longest_Substring_With_At_Most_K_Distinct_Characters.md"", ""Open"")"
262,Subarrays with K Different Integers,Sliding_Window_and_Two_Pointer,Hard,,,In Progress,,,"=HYPERLINK(""DSA-Knowledge/Sliding_Window_and_Two_Pointer/Md/262_Subarrays_with_K_Different_Integers.md"", ""Open"")"
263,Minimum Window Substring,Sliding_Window_and_Two_Pointer,Hard,,,In Progress,,,"=HYPERLINK(""DSA-Knowledge/Sliding_Window_and_Two_Pointer/Md/263_Minimum_Window_Substring.md"", ""Open"")"
264,Minimum Window Subsequence,Sliding_Window_and_Two_Pointer,Hard,,,In Progress,,,"=HYPERLINK(""DSA-Knowledge/Sliding_Window_and_Two_Pointer/Md/264_Minimum_Window_Subsequence.md"", ""Open"")"
265,Heaps Theory Video,Heaps,Easy,,,In Progress,,,"=HYPERLINK(""DSA-Knowledge/Heaps/Md/265_Heaps_Theory_Video.md"", ""Open"")"
266,Implement Min Heap,Heaps,Easy,,,In Progress,,,"=HYPERLINK(""DSA-Knowledge/Heaps/Md/266_Implement_Min_Heap.md"", ""Open"")"
267,Check if an array represents a min heap,Heaps,Easy,,,In Progress,,,"=HYPERLINK(""DSA-Knowledge/Heaps/Md/267_Check_if_an_array_represents_a_min_heap.md"", ""Open"")"
268,Convert Min Heap to Max Heap,Heaps,Easy,,,In Progress,,,"=HYPERLINK(""DSA-Knowledge/Heaps/Md/268_Convert_Min_Heap_to_Max_Heap.md"", ""Open"")"
269,K th Largest element in an array,Heaps,Medium,,,In Progress,,,"=HYPERLINK(""DSA-Knowledge/Heaps/Md/269_K_th_Largest_element_in_an_array.md"", ""Open"")"
270,Kth smallest element in an array,Heaps,Medium,,,In Progress,,,"=HYPERLINK(""DSA-Knowledge/Heaps/Md/270_Kth_smallest_element_in_an_array.md"", ""Open"")"
271,Sort K sorted array,Heaps,Medium,,,In Progress,,,"=HYPERLINK(""DSA-Knowledge/Heaps/Md/271_Sort_K_sorted_array.md"", ""Open"")"
272,Merge K sorted Lists,Heaps,Medium,,,In Progress,,,"=HYPERLINK(""DSA-Knowledge/Heaps/Md/272_Merge_K_sorted_Lists.md"", ""Open"")"
273,Replace Elements by Their Rank,Heaps,Medium,,,In Progress,,,"=HYPERLINK(""DSA-Knowledge/Heaps/Md/273_Replace_Elements_by_Their_Rank.md"", ""Open"")"
274,Task Scheduler,Heaps,Medium,,,In Progress,,,"=HYPERLINK(""DSA-Knowledge/Heaps/Md/274_Task_Scheduler.md"", ""Open"")"
275,Hand of Straights,Heaps,Medium,,,In Progress,,,"=HYPERLINK(""DSA-Knowledge/Heaps/Md/275_Hand_of_Straights.md"", ""Open"")"
276,Design Twitter,Heaps,Hard,,,In Progress,,,"=HYPERLINK(""DSA-Knowledge/Heaps/Md/276_Design_Twitter.md"", ""Open"")"
277,Minimum Cost to Connect Sticks,Heaps,Hard,,,In Progress,,,"=HYPERLINK(""DSA-Knowledge/Heaps/Md/277_Minimum_Cost_to_Connect_Sticks.md"", ""Open"")"
278,Kth largest element in a stream of running integers,Heaps,Hard,,,In Progress,,,"=HYPERLINK(""DSA-Knowledge/Heaps/Md/278_Kth_largest_element_in_a_stream_of_running_integers.md"", ""Open"")"
279,Maximum Sum Combination,Heaps,Hard,,,In Progress,,,"=HYPERLINK(""DSA-Knowledge/Heaps/Md/279_Maximum_Sum_Combination.md"", ""Open"")"
280,Find Median from Data Stream,Heaps,Hard,,,In Progress,,,"=HYPERLINK(""DSA-Knowledge/Heaps/Md/280_Find_Median_from_Data_Stream.md"", ""Open"")"
281,Top K Frequent Elements,Heaps,Hard,,,In Progress,,,"=HYPERLINK(""DSA-Knowledge/Heaps/Md/281_Top_K_Frequent_Elements.md"", ""Open"")"
282,Assign Cookies,Greedy_Algorithms,Easy,,,In Progress,,,"=HYPERLINK(""DSA-Knowledge/Greedy_Algorithms/Md/282_Assign_Cookies.md"", ""Open"")"
283,Fractional Knapsack,Greedy_Algorithms,Easy,,,In Progress,,,"=HYPERLINK(""DSA-Knowledge/Greedy_Algorithms/Md/283_Fractional_Knapsack.md"", ""Open"")"
284,Lemonade Change,Greedy_Algorithms,Easy,,,In Progress,,,"=HYPERLINK(""DSA-Knowledge/Greedy_Algorithms/Md/284_Lemonade_Change.md"", ""Open"")"
285,Valid Paranthesis Checker,Greedy_Algorithms,Easy,,,In Progress,,,"=HYPERLINK(""DSA-Knowledge/Greedy_Algorithms/Md/285_Valid_Paranthesis_Checker.md"", ""Open"")"
286,N meetings in one room,Greedy_Algorithms,Medium,,,In Progress,,,"=HYPERLINK(""DSA-Knowledge/Greedy_Algorithms/Md/286_N_meetings_in_one_room.md"", ""Open"")"
287,Jump Game I,Greedy_Algorithms,Medium,,,In Progress,,,"=HYPERLINK(""DSA-Knowledge/Greedy_Algorithms/Md/287_Jump_Game_I.md"", ""Open"")"
288,Jump Game II,Greedy_Algorithms,Medium,,,In Progress,,,"=HYPERLINK(""DSA-Knowledge/Greedy_Algorithms/Md/288_Jump_Game_II.md"", ""Open"")"
289,Minimum number of platforms required for a railway,Greedy_Algorithms,Medium,,,In Progress,,,"=HYPERLINK(""DSA-Knowledge/Greedy_Algorithms/Md/289_Minimum_number_of_platforms_required_for_a_railway.md"", ""Open"")"
290,Job sequencing Problem,Greedy_Algorithms,Medium,,,In Progress,,,"=HYPERLINK(""DSA-Knowledge/Greedy_Algorithms/Md/290_Job_sequencing_Problem.md"", ""Open"")"
291,Candy,Greedy_Algorithms,Medium,,,In Progress,,,"=HYPERLINK(""DSA-Knowledge/Greedy_Algorithms/Md/291_Candy.md"", ""Open"")"
292,Shortest Job First,Greedy_Algorithms,Medium,,,In Progress,,,"=HYPERLINK(""DSA-Knowledge/Greedy_Algorithms/Md/292_Shortest_Job_First.md"", ""Open"")"
293,Program for Least Recently Used LRU Page Replacement Algorithm,Greedy_Algorithms,Medium,,,In Progress,,,"=HYPERLINK(""DSA-Knowledge/Greedy_Algorithms/Md/293_Program_for_Least_Recently_Used_LRU_Page_Replacement_Algorithm.md"", ""Open"")"
294,Insert Interval,Greedy_Algorithms,Medium,,,In Progress,,,"=HYPERLINK(""DSA-Knowledge/Greedy_Algorithms/Md/294_Insert_Interval.md"", ""Open"")"
295,Merge Intervals,Greedy_Algorithms,Medium,,,In Progress,,,"=HYPERLINK(""DSA-Knowledge/Greedy_Algorithms/Md/295_Merge_Intervals.md"", ""Open"")"
296,Non overlapping Intervals,Greedy_Algorithms,Medium,,,In Progress,,,"=HYPERLINK(""DSA-Knowledge/Greedy_Algorithms/Md/296_Non_overlapping_Intervals.md"", ""Open"")"
297,Introduction to Trees,Binary_Trees,Easy,,,In Progress,,,"=HYPERLINK(""DSA-Knowledge/Binary_Trees/Md/297_Introduction_to_Trees.md"", ""Open"")"
298,Binary Tree Representation in Java,Binary_Trees,Easy,,,In Progress,,,"=HYPERLINK(""DSA-Knowledge/Binary_Trees/Md/298_Binary_Tree_Representation_in_Java.md"", ""Open"")"
299,Pre Post Inorder in one traversal,Binary_Trees,Easy,,,In Progress,,,"=HYPERLINK(""DSA-Knowledge/Binary_Trees/Md/299_Pre_Post_Inorder_in_one_traversal.md"", ""Open"")"
300,Preorder Traversal,Binary_Trees,Easy,,,In Progress,,,"=HYPERLINK(""DSA-Knowledge/Binary_Trees/Md/300_Preorder_Traversal.md"", ""Open"")"
301,Inorder Traversal of Binary Tree,Binary_Trees,Easy,,,In Progress,,,"=HYPERLINK(""DSA-Knowledge/Binary_Trees/Md/301_Inorder_Traversal_of_Binary_Tree.md"", ""Open"")"
302,Postorder Traversal,Binary_Trees,Easy,,,In Progress,,,"=HYPERLINK(""DSA-Knowledge/Binary_Trees/Md/302_Postorder_Traversal.md"", ""Open"")"
303,Level Order Traversal,Binary_Trees,Easy,,,In Progress,,,"=HYPERLINK(""DSA-Knowledge/Binary_Trees/Md/303_Level_Order_Traversal.md"", ""Open"")"
304,Iterative Preorder Traversal of Binary Tree,Binary_Trees,Easy,,,In Progress,,,"=HYPERLINK(""DSA-Knowledge/Binary_Trees/Md/304_Iterative_Preorder_Traversal_of_Binary_Tree.md"", ""Open"")"
305,Iterative Inorder Traversal of Binary Tree,Binary_Trees,Easy,,,In Progress,,,"=HYPERLINK(""DSA-Knowledge/Binary_Trees/Md/305_Iterative_Inorder_Traversal_of_Binary_Tree.md"", ""Open"")"
306,Post order Traversal of Binary Tree using 2 stack,Binary_Trees,Easy,,,In Progress,,,"=HYPERLINK(""DSA-Knowledge/Binary_Trees/Md/306_Post_order_Traversal_of_Binary_Tree_using_2_stack.md"", ""Open"")"
307,Post order Traversal of Binary Tree using 1 stack,Binary_Trees,Easy,,,In Progress,,,"=HYPERLINK(""DSA-Knowledge/Binary_Trees/Md/307_Post_order_Traversal_of_Binary_Tree_using_1_stack.md"", ""Open"")"
308,Preorder Inorder and Postorder Traversal in one Traversal,Binary_Trees,Easy,,,In Progress,,,"=HYPERLINK(""DSA-Knowledge/Binary_Trees/Md/308_Preorder_Inorder_and_Postorder_Traversal_in_one_Traversal.md"", ""Open"")"
309,Maximum Depth in BT,Binary_Trees,Medium,,,In Progress,,,"=HYPERLINK(""DSA-Knowledge/Binary_Trees/Md/309_Maximum_Depth_in_BT.md"", ""Open"")"
310,Check for balanced binary tree,Binary_Trees,Medium,,,In Progress,,,"=HYPERLINK(""DSA-Knowledge/Binary_Trees/Md/310_Check_for_balanced_binary_tree.md"", ""Open"")"
311,Diameter of Binary Tree,Binary_Trees,Medium,,,In Progress,,,"=HYPERLINK(""DSA-Knowledge/Binary_Trees/Md/311_Diameter_of_Binary_Tree.md"", ""Open"")"
312,Maximum path sum,Binary_Trees,Medium,,,In Progress,,,"=HYPERLINK(""DSA-Knowledge/Binary_Trees/Md/312_Maximum_path_sum.md"", ""Open"")"
313,Check if two trees are identical or not,Binary_Trees,Medium,,,In Progress,,,"=HYPERLINK(""DSA-Knowledge/Binary_Trees/Md/313_Check_if_two_trees_are_identical_or_not.md"", ""Open"")"
314,Zig Zag or Spiral Traversal,Binary_Trees,Medium,,,In Progress,,,"=HYPERLINK(""DSA-Knowledge/Binary_Trees/Md/314_Zig_Zag_or_Spiral_Traversal.md"", ""Open"")"
315,Boundary Traversal,Binary_Trees,Medium,,,In Progress,,,"=HYPERLINK(""DSA-Knowledge/Binary_Trees/Md/315_Boundary_Traversal.md"", ""Open"")"
316,Vertical Order Traversal,Binary_Trees,Medium,,,In Progress,,,"=HYPERLINK(""DSA-Knowledge/Binary_Trees/Md/316_Vertical_Order_Traversal.md"", ""Open"")"
317,Top View of BT,Binary_Trees,Medium,,,In Progress,,,"=HYPERLINK(""DSA-Knowledge/Binary_Trees/Md/317_Top_View_of_BT.md"", ""Open"")"
318,Bottom view of BT,Binary_Trees,Medium,,,In Progress,,,"=HYPERLINK(""DSA-Knowledge/Binary_Trees/Md/318_Bottom_view_of_BT.md"", ""Open"")"
319,RightLeft View of Binary Tree,Binary_Trees,Medium,,,In Progress,,,"=HYPERLINK(""DSA-Knowledge/Binary_Trees/Md/319_RightLeft_View_of_Binary_Tree.md"", ""Open"")"
320,Symmetric Binary Tree,Binary_Trees,Medium,,,In Progress,,,"=HYPERLINK(""DSA-Knowledge/Binary_Trees/Md/320_Symmetric_Binary_Tree.md"", ""Open"")"
321,Print root to leaf path in BT,Binary_Trees,Hard,,,In Progress,,,"=HYPERLINK(""DSA-Knowledge/Binary_Trees/Md/321_Print_root_to_leaf_path_in_BT.md"", ""Open"")"
322,LCA in BT,Binary_Trees,,,,Not Started,,,"=HYPERLINK(""DSA-Knowledge/Binary_Trees/Md/322_LCA_in_BT.md"", ""Open"")"
323,Maximum Width of BT,Binary_Trees,Hard,,,In Progress,,,"=HYPERLINK(""DSA-Knowledge/Binary_Trees/Md/323_Maximum_Width_of_BT.md"", ""Open"")"
324,Children Sum Property in Binary Tree,Binary_Trees,Hard,,,In Progress,,,"=HYPERLINK(""DSA-Knowledge/Binary_Trees/Md/324_Children_Sum_Property_in_Binary_Tree.md"", ""Open"")"
325,Print all nodes at a distance of K in BT,Binary_Trees,Hard,,,In Progress,,,"=HYPERLINK(""DSA-Knowledge/Binary_Trees/Md/325_Print_all_nodes_at_a_distance_of_K_in_BT.md"", ""Open"")"
326,Minimum time taken to burn the BT from a given Node,Binary_Trees,Hard,,,In Progress,,,"=HYPERLINK(""DSA-Knowledge/Binary_Trees/Md/326_Minimum_time_taken_to_burn_the_BT_from_a_given_Node.md"", ""Open"")"
327,Count total nodes in a complete BT,Binary_Trees,Hard,,,In Progress,,,"=HYPERLINK(""DSA-Knowledge/Binary_Trees/Md/327_Count_total_nodes_in_a_complete_BT.md"", ""Open"")"
328,Requirements needed to construct a unique BT,Binary_Trees,Hard,,,In Progress,,,"=HYPERLINK(""DSA-Knowledge/Binary_Trees/Md/328_Requirements_needed_to_construct_a_unique_BT.md"", ""Open"")"
329,Construct a BT from Preorder and Inorder,Binary_Trees,Hard,,,In Progress,,,"=HYPERLINK(""DSA-Knowledge/Binary_Trees/Md/329_Construct_a_BT_from_Preorder_and_Inorder.md"", ""Open"")"
330,Construct the Binary Tree from Postorder and Inorder Traversal,Binary_Trees,Hard,,,In Progress,,,"=HYPERLINK(""DSA-Knowledge/Binary_Trees/Md/330_Construct_the_Binary_Tree_from_Postorder_and_Inorder_Traversal.md"", ""Open"")"
331,Serialize and De serialize BT,Binary_Trees,Hard,,,In Progress,,,"=HYPERLINK(""DSA-Knowledge/Binary_Trees/Md/331_Serialize_and_De_serialize_BT.md"", ""Open"")"
332,Morris Preorder Traversal of a Binary Tree,Binary_Trees,,,,Not Started,,,"=HYPERLINK(""DSA-Knowledge/Binary_Trees/Md/332_Morris_Preorder_Traversal_of_a_Binary_Tree.md"", ""Open"")"
333,Morris Inorder Traversal of a Binary Tree,Binary_Trees,Hard,,,In Progress,,,"=HYPERLINK(""DSA-Knowledge/Binary_Trees/Md/333_Morris_Inorder_Traversal_of_a_Binary_Tree.md"", ""Open"")"
334,Flatten Binary Tree to Linked List,Binary_Trees,Hard,,,In Progress,,,"=HYPERLINK(""DSA-Knowledge/Binary_Trees/Md/334_Flatten_Binary_Tree_to_Linked_List.md"", ""Open"")"
335,Introduction to BST,Binary_Search_Trees,Easy,,,In Progress,,,"=HYPERLINK(""DSA-Knowledge/Binary_Search_Trees/Md/335_Introduction_to_BST.md"", ""Open"")"
336,Search in a Binary Search Tree,Binary_Search_Trees,Easy,,,In Progress,,,"=HYPERLINK(""DSA-Knowledge/Binary_Search_Trees/Md/336_Search_in_a_Binary_Search_Tree.md"", ""Open"")"
337,Find MinMax in BST,Binary_Search_Trees,Easy,,,In Progress,,,"=HYPERLINK(""DSA-Knowledge/Binary_Search_Trees/Md/337_Find_MinMax_in_BST.md"", ""Open"")"
338,Floor and Ceil in a BST,Binary_Search_Trees,Medium,,,In Progress,,,"=HYPERLINK(""DSA-Knowledge/Binary_Search_Trees/Md/338_Floor_and_Ceil_in_a_BST.md"", ""Open"")"
339,Floor in a Binary Search Tree,Binary_Search_Trees,Medium,,,In Progress,,,"=HYPERLINK(""DSA-Knowledge/Binary_Search_Trees/Md/339_Floor_in_a_Binary_Search_Tree.md"", ""Open"")"
340,Insert a given node in BST,Binary_Search_Trees,Medium,,,In Progress,,,"=HYPERLINK(""DSA-Knowledge/Binary_Search_Trees/Md/340_Insert_a_given_node_in_BST.md"", ""Open"")"
341,Delete a node in BST,Binary_Search_Trees,Medium,,,In Progress,,,"=HYPERLINK(""DSA-Knowledge/Binary_Search_Trees/Md/341_Delete_a_node_in_BST.md"", ""Open"")"
342,Kth Smallest and Largest element in BST,Binary_Search_Trees,Medium,,,In Progress,,,"=HYPERLINK(""DSA-Knowledge/Binary_Search_Trees/Md/342_Kth_Smallest_and_Largest_element_in_BST.md"", ""Open"")"
343,Check if a tree is a BST or not,Binary_Search_Trees,Medium,,,In Progress,,,"=HYPERLINK(""DSA-Knowledge/Binary_Search_Trees/Md/343_Check_if_a_tree_is_a_BST_or_not.md"", ""Open"")"
344,LCA in BST,Binary_Search_Trees,Medium,,,In Progress,,,"=HYPERLINK(""DSA-Knowledge/Binary_Search_Trees/Md/344_LCA_in_BST.md"", ""Open"")"
345,Construct a BST from a preorder traversal,Binary_Search_Trees,Medium,,,In Progress,,,"=HYPERLINK(""DSA-Knowledge/Binary_Search_Trees/Md/345_Construct_a_BST_from_a_preorder_traversal.md"", ""Open"")"
346,Inorder SuccessorPredecessor in BST,Binary_Search_Trees,Medium,,,In Progress,,,"=HYPERLINK(""DSA-Knowledge/Binary_Search_Trees/Md/346_Inorder_SuccessorPredecessor_in_BST.md"", ""Open"")"
347,Merge 2 BSTs,Binary_Search_Trees,Hard,,,In Progress,,,"=HYPERLINK(""DSA-Knowledge/Binary_Search_Trees/Md/347_Merge_2_BSTs.md"", ""Open"")"
348,Two Sum In BST Check if there exists a pair with Sum K,Binary_Search_Trees,Medium,,,In Progress,,,"=HYPERLINK(""DSA-Knowledge/Binary_Search_Trees/Md/348_Two_Sum_In_BST_Check_if_there_exists_a_pair_with_Sum_K.md"", ""Open"")"
349,Correct BST with two nodes swapped,Binary_Search_Trees,Hard,,,In Progress,,,"=HYPERLINK(""DSA-Knowledge/Binary_Search_Trees/Md/349_Correct_BST_with_two_nodes_swapped.md"", ""Open"")"
350,Largest BST in Binary Tree,Binary_Search_Trees,Hard,,,In Progress,,,"=HYPERLINK(""DSA-Knowledge/Binary_Search_Trees/Md/350_Largest_BST_in_Binary_Tree.md"", ""Open"")"
351,Introduction to Graph,Graphs,Easy,,,In Progress,,,"=HYPERLINK(""DSA-Knowledge/Graphs/Md/351_Introduction_to_Graph.md"", ""Open"")"
352,Graph Representation C++,Graphs,Easy,,,In Progress,,,"=HYPERLINK(""DSA-Knowledge/Graphs/Md/352_Graph_Representation_C++.md"", ""Open"")"
353,Graph Representation Java,Graphs,Easy,,,In Progress,,,"=HYPERLINK(""DSA-Knowledge/Graphs/Md/353_Graph_Representation_Java.md"", ""Open"")"
354,Connected Components,Graphs,Easy,,,In Progress,,,"=HYPERLINK(""DSA-Knowledge/Graphs/Md/354_Connected_Components.md"", ""Open"")"
355,Traversal Techniques,Graphs,Easy,,,In Progress,,,"=HYPERLINK(""DSA-Knowledge/Graphs/Md/355_Traversal_Techniques.md"", ""Open"")"
356,DFS,Graphs,Easy,,,In Progress,,,"=HYPERLINK(""DSA-Knowledge/Graphs/Md/356_DFS.md"", ""Open"")"
357,Number of provinces,Graphs,Medium,,,In Progress,,,"=HYPERLINK(""DSA-Knowledge/Graphs/Md/357_Number_of_provinces.md"", ""Open"")"
358,Connected Components Problem in Matrix,Graphs,Medium,,,In Progress,,,"=HYPERLINK(""DSA-Knowledge/Graphs/Md/358_Connected_Components_Problem_in_Matrix.md"", ""Open"")"
359,Rotten Oranges,Graphs,Medium,,,In Progress,,,"=HYPERLINK(""DSA-Knowledge/Graphs/Md/359_Rotten_Oranges.md"", ""Open"")"
360,Flood fill algorithm,Graphs,Easy,,,In Progress,,,"=HYPERLINK(""DSA-Knowledge/Graphs/Md/360_Flood_fill_algorithm.md"", ""Open"")"
361,Cycle Detection in Undirected Graph bfs,Graphs,Medium,,,In Progress,,,"=HYPERLINK(""DSA-Knowledge/Graphs/Md/361_Cycle_Detection_in_Undirected_Graph_bfs.md"", ""Open"")"
362,Detect a cycle in an undirected graph dfs,Graphs,Medium,,,In Progress,,,"=HYPERLINK(""DSA-Knowledge/Graphs/Md/362_Detect_a_cycle_in_an_undirected_graph_dfs.md"", ""Open"")"
363,Distance of nearest cell having one,Graphs,Medium,,,In Progress,,,"=HYPERLINK(""DSA-Knowledge/Graphs/Md/363_Distance_of_nearest_cell_having_one.md"", ""Open"")"
364,Surrounded Regions,Graphs,Medium,,,In Progress,,,"=HYPERLINK(""DSA-Knowledge/Graphs/Md/364_Surrounded_Regions.md"", ""Open"")"
365,Number of enclaves,Graphs,Medium,,,In Progress,,,"=HYPERLINK(""DSA-Knowledge/Graphs/Md/365_Number_of_enclaves.md"", ""Open"")"
366,Word ladder I,Graphs,Hard,,,In Progress,,,"=HYPERLINK(""DSA-Knowledge/Graphs/Md/366_Word_ladder_I.md"", ""Open"")"
367,Word ladder II,Graphs,Hard,,,In Progress,,,"=HYPERLINK(""DSA-Knowledge/Graphs/Md/367_Word_ladder_II.md"", ""Open"")"
368,Number of islands,Graphs,Medium,,,In Progress,,,"=HYPERLINK(""DSA-Knowledge/Graphs/Md/368_Number_of_islands.md"", ""Open"")"
369,Bipartite Graph DFS,Graphs,Medium,,,In Progress,,,"=HYPERLINK(""DSA-Knowledge/Graphs/Md/369_Bipartite_Graph_DFS.md"", ""Open"")"
370,Cycle Detection in Directed Graph DFS,Graphs,Medium,,,In Progress,,,"=HYPERLINK(""DSA-Knowledge/Graphs/Md/370_Cycle_Detection_in_Directed_Graph_DFS.md"", ""Open"")"
371,Topo Sort,Graphs,Medium,,,In Progress,,,"=HYPERLINK(""DSA-Knowledge/Graphs/Md/371_Topo_Sort.md"", ""Open"")"
372,Topological sort or Kahns algorithm,Graphs,Medium,,,In Progress,,,"=HYPERLINK(""DSA-Knowledge/Graphs/Md/372_Topological_sort_or_Kahns_algorithm.md"", ""Open"")"
373,Detect a cycle in a directed graph BFS,Graphs,Medium,,,In Progress,,,"=HYPERLINK(""DSA-Knowledge/Graphs/Md/373_Detect_a_cycle_in_a_directed_graph_BFS.md"", ""Open"")"
374,Course Schedule I,Graphs,Medium,,,In Progress,,,"=HYPERLINK(""DSA-Knowledge/Graphs/Md/374_Course_Schedule_I.md"", ""Open"")"
375,Course Schedule II,Graphs,Medium,,,In Progress,,,"=HYPERLINK(""DSA-Knowledge/Graphs/Md/375_Course_Schedule_II.md"", ""Open"")"
376,Find eventual safe states,Graphs,Medium,,,In Progress,,,"=HYPERLINK(""DSA-Knowledge/Graphs/Md/376_Find_eventual_safe_states.md"", ""Open"")"
377,Alien Dictionary,Graphs,Hard,,,In Progress,,,"=HYPERLINK(""DSA-Knowledge/Graphs/Md/377_Alien_Dictionary.md"", ""Open"")"
378,Shortest path in undirected graph with unit weights,Graphs,Medium,,,In Progress,,,"=HYPERLINK(""DSA-Knowledge/Graphs/Md/378_Shortest_path_in_undirected_graph_with_unit_weights.md"", ""Open"")"
379,Shortest path in DAG,Graphs,Medium,,,In Progress,,,"=HYPERLINK(""DSA-Knowledge/Graphs/Md/379_Shortest_path_in_DAG.md"", ""Open"")"
380,Djisktras Algorithm,Graphs,,,,Not Started,,,"=HYPERLINK(""DSA-Knowledge/Graphs/Md/380_Djisktras_Algorithm.md"", ""Open"")"
381,Why priority Queue is used in Djisktras Algorithm,Graphs,Medium,,,In Progress,,,"=HYPERLINK(""DSA-Knowledge/Graphs/Md/381_Why_priority_Queue_is_used_in_Djisktras_Algorithm.md"", ""Open"")"
382,Shortest Distance in a Binary Maze,Graphs,Medium,,,In Progress,,,"=HYPERLINK(""DSA-Knowledge/Graphs/Md/382_Shortest_Distance_in_a_Binary_Maze.md"", ""Open"")"
383,Path with minimum effort,Graphs,Medium,,,In Progress,,,"=HYPERLINK(""DSA-Knowledge/Graphs/Md/383_Path_with_minimum_effort.md"", ""Open"")"
384,Cheapest flight within K stops,Graphs,Medium,,,In Progress,,,"=HYPERLINK(""DSA-Knowledge/Graphs/Md/384_Cheapest_flight_within_K_stops.md"", ""Open"")"
385,Network Delay Time,Graphs,Medium,,,In Progress,,,"=HYPERLINK(""DSA-Knowledge/Graphs/Md/385_Network_Delay_Time.md"", ""Open"")"
386,Number of ways to arrive at destination,Graphs,Medium,,,In Progress,,,"=HYPERLINK(""DSA-Knowledge/Graphs/Md/386_Number_of_ways_to_arrive_at_destination.md"", ""Open"")"
387,Minimum multiplications to reach end,Graphs,Medium,,,In Progress,,,"=HYPERLINK(""DSA-Knowledge/Graphs/Md/387_Minimum_multiplications_to_reach_end.md"", ""Open"")"
388,Bellman Ford Algorithm,Graphs,,,,Not Started,,,"=HYPERLINK(""DSA-Knowledge/Graphs/Md/388_Bellman_Ford_Algorithm.md"", ""Open"")"
389,Floyd warshall algorithm,Graphs,,,,Not Started,,,"=HYPERLINK(""DSA-Knowledge/Graphs/Md/389_Floyd_warshall_algorithm.md"", ""Open"")"
390,Find the city with the smallest number of neighbors,Graphs,Medium,,,In Progress,,,"=HYPERLINK(""DSA-Knowledge/Graphs/Md/390_Find_the_city_with_the_smallest_number_of_neighbors.md"", ""Open"")"
391,MST theory,Graphs,Medium,,,In Progress,,,"=HYPERLINK(""DSA-Knowledge/Graphs/Md/391_MST_theory.md"", ""Open"")"
392,Prims Algorithm,Graphs,Medium,,,In Progress,,,"=HYPERLINK(""DSA-Knowledge/Graphs/Md/392_Prims_Algorithm.md"", ""Open"")"
393,Disjoint Set,Graphs,,,,Not Started,,,"=HYPERLINK(""DSA-Knowledge/Graphs/Md/393_Disjoint_Set.md"", ""Open"")"
394,Find the MST weight,Graphs,Medium,,,In Progress,,,"=HYPERLINK(""DSA-Knowledge/Graphs/Md/394_Find_the_MST_weight.md"", ""Open"")"
395,Number of operations to make network connected,Graphs,Medium,,,In Progress,,,"=HYPERLINK(""DSA-Knowledge/Graphs/Md/395_Number_of_operations_to_make_network_connected.md"", ""Open"")"
396,Most stones removed with same row or column,Graphs,Medium,,,In Progress,,,"=HYPERLINK(""DSA-Knowledge/Graphs/Md/396_Most_stones_removed_with_same_row_or_column.md"", ""Open"")"
397,Accounts merge,Graphs,Hard,,,In Progress,,,"=HYPERLINK(""DSA-Knowledge/Graphs/Md/397_Accounts_merge.md"", ""Open"")"
398,Number of islands II,Graphs,Hard,,,In Progress,,,"=HYPERLINK(""DSA-Knowledge/Graphs/Md/398_Number_of_islands_II.md"", ""Open"")"
399,Making a large island,Graphs,Hard,,,In Progress,,,"=HYPERLINK(""DSA-Knowledge/Graphs/Md/399_Making_a_large_island.md"", ""Open"")"
400,Swim in Rising Water,Graphs,Hard,,,In Progress,,,"=HYPERLINK(""DSA-Knowledge/Graphs/Md/400_Swim_in_Rising_Water.md"", ""Open"")"
401,Bridges in graph,Graphs,Hard,,,In Progress,,,"=HYPERLINK(""DSA-Knowledge/Graphs/Md/401_Bridges_in_graph.md"", ""Open"")"
402,Articulation point in graph,Graphs,Hard,,,In Progress,,,"=HYPERLINK(""DSA-Knowledge/Graphs/Md/402_Articulation_point_in_graph.md"", ""Open"")"
403,Kosarajus algorithm,Graphs,Hard,,,In Progress,,,"=HYPERLINK(""DSA-Knowledge/Graphs/Md/403_Kosarajus_algorithm.md"", ""Open"")"
404,Introduction to DP,Dynamic_Programming,Easy,,,In Progress,,,"=HYPERLINK(""DSA-Knowledge/Dynamic_Programming/Md/404_Introduction_to_DP.md"", ""Open"")"
405,Climbing Stairs,Dynamic_Programming,Easy,,,In Progress,,,"=HYPERLINK(""DSA-Knowledge/Dynamic_Programming/Md/405_Climbing_Stairs.md"", ""Open"")"
406,Frog Jump,Dynamic_Programming,Easy,,,In Progress,,,"=HYPERLINK(""DSA-Knowledge/Dynamic_Programming/Md/406_Frog_Jump.md"", ""Open"")"
407,Frog Jump with K Distance,Dynamic_Programming,Easy,,,In Progress,,,"=HYPERLINK(""DSA-Knowledge/Dynamic_Programming/Md/407_Frog_Jump_with_K_Distance.md"", ""Open"")"
408,Maximum Sum of Non Adjacent Elements,Dynamic_Programming,Easy,,,In Progress,,,"=HYPERLINK(""DSA-Knowledge/Dynamic_Programming/Md/408_Maximum_Sum_of_Non_Adjacent_Elements.md"", ""Open"")"
409,House Robber,Dynamic_Programming,Easy,,,In Progress,,,"=HYPERLINK(""DSA-Knowledge/Dynamic_Programming/Md/409_House_Robber.md"", ""Open"")"
410,Ninjas training,Dynamic_Programming,Medium,,,In Progress,,,"=HYPERLINK(""DSA-Knowledge/Dynamic_Programming/Md/410_Ninjas_training.md"", ""Open"")"
411,Grid Unique Paths DP on Grids DP8,Dynamic_Programming,Medium,,,In Progress,,,"=HYPERLINK(""DSA-Knowledge/Dynamic_Programming/Md/411_Grid_Unique_Paths_DP_on_Grids_DP8.md"", ""Open"")"
412,Unique paths II,Dynamic_Programming,Medium,,,In Progress,,,"=HYPERLINK(""DSA-Knowledge/Dynamic_Programming/Md/412_Unique_paths_II.md"", ""Open"")"
413,Minimum Falling Path Sum,Dynamic_Programming,Medium,,,In Progress,,,"=HYPERLINK(""DSA-Knowledge/Dynamic_Programming/Md/413_Minimum_Falling_Path_Sum.md"", ""Open"")"
414,Triangle,Dynamic_Programming,Medium,,,In Progress,,,"=HYPERLINK(""DSA-Knowledge/Dynamic_Programming/Md/414_Triangle.md"", ""Open"")"
415,Ninja and his Friends,Dynamic_Programming,Medium,,,In Progress,,,"=HYPERLINK(""DSA-Knowledge/Dynamic_Programming/Md/415_Ninja_and_his_Friends.md"", ""Open"")"
416,Subset sum equal to target DP 14,Dynamic_Programming,Medium,,,In Progress,,,"=HYPERLINK(""DSA-Knowledge/Dynamic_Programming/Md/416_Subset_sum_equal_to_target_DP_14.md"", ""Open"")"
417,Partition equal subset sum,Dynamic_Programming,Medium,,,In Progress,,,"=HYPERLINK(""DSA-Knowledge/Dynamic_Programming/Md/417_Partition_equal_subset_sum.md"", ""Open"")"
418,Partition a set into two subsets with minimum absolute sum difference,Dynamic_Programming,Medium,,,In Progress,,,"=HYPERLINK(""DSA-Knowledge/Dynamic_Programming/Md/418_Partition_a_set_into_two_subsets_with_minimum_absolute_sum_difference.md"", ""Open"")"
419,Count subsets with sum K,Dynamic_Programming,Medium,,,In Progress,,,"=HYPERLINK(""DSA-Knowledge/Dynamic_Programming/Md/419_Count_subsets_with_sum_K.md"", ""Open"")"
420,Count partitions with given difference,Dynamic_Programming,Medium,,,In Progress,,,"=HYPERLINK(""DSA-Knowledge/Dynamic_Programming/Md/420_Count_partitions_with_given_difference.md"", ""Open"")"
421,Assign Cookies DP,Dynamic_Programming,Medium,,,In Progress,,,"=HYPERLINK(""DSA-Knowledge/Dynamic_Programming/Md/421_Assign_Cookies_DP.md"", ""Open"")"
422,Minimum Coins DP 20,Dynamic_Programming,,,,Not Started,,,"=HYPERLINK(""DSA-Knowledge/Dynamic_Programming/Md/422_Minimum_Coins_DP_20.md"", ""Open"")"
423,Target sum,Dynamic_Programming,Medium,,,In Progress,,,"=HYPERLINK(""DSA-Knowledge/Dynamic_Programming/Md/423_Target_sum.md"", ""Open"")"
424,Coin Change 2 DP 22,Dynamic_Programming,Medium,,,In Progress,,,"=HYPERLINK(""DSA-Knowledge/Dynamic_Programming/Md/424_Coin_Change_2_DP_22.md"", ""Open"")"
425,Unbounded knapsack,Dynamic_Programming,Medium,,,In Progress,,,"=HYPERLINK(""DSA-Knowledge/Dynamic_Programming/Md/425_Unbounded_knapsack.md"", ""Open"")"
426,Rod Cutting Problem DP 24,Dynamic_Programming,Medium,,,In Progress,,,"=HYPERLINK(""DSA-Knowledge/Dynamic_Programming/Md/426_Rod_Cutting_Problem_DP_24.md"", ""Open"")"
427,Longest common subsequence,Dynamic_Programming,,,,Not Started,,,"=HYPERLINK(""DSA-Knowledge/Dynamic_Programming/Md/427_Longest_common_subsequence.md"", ""Open"")"
428,Print Longest Common Subsequence DP 26,Dynamic_Programming,Medium,,,In Progress,,,"=HYPERLINK(""DSA-Knowledge/Dynamic_Programming/Md/428_Print_Longest_Common_Subsequence_DP_26.md"", ""Open"")"
429,Longest common substring,Dynamic_Programming,Medium,,,In Progress,,,"=HYPERLINK(""DSA-Knowledge/Dynamic_Programming/Md/429_Longest_common_substring.md"", ""Open"")"
430,Longest palindromic subsequence,Dynamic_Programming,Medium,,,In Progress,,,"=HYPERLINK(""DSA-Knowledge/Dynamic_Programming/Md/430_Longest_palindromic_subsequence.md"", ""Open"")"
431,Minimum insertions to make string palindrome DP 29,Dynamic_Programming,Medium,,,In Progress,,,"=HYPERLINK(""DSA-Knowledge/Dynamic_Programming/Md/431_Minimum_insertions_to_make_string_palindrome_DP_29.md"", ""Open"")"
432,Minimum insertions or deletions to convert string A to B,Dynamic_Programming,Medium,,,In Progress,,,"=HYPERLINK(""DSA-Knowledge/Dynamic_Programming/Md/432_Minimum_insertions_or_deletions_to_convert_string_A_to_B.md"", ""Open"")"
433,Shortest common supersequence,Dynamic_Programming,Hard,,,In Progress,,,"=HYPERLINK(""DSA-Knowledge/Dynamic_Programming/Md/433_Shortest_common_supersequence.md"", ""Open"")"
434,Distinct subsequences,Dynamic_Programming,Hard,,,In Progress,,,"=HYPERLINK(""DSA-Knowledge/Dynamic_Programming/Md/434_Distinct_subsequences.md"", ""Open"")"
435,Edit distance,Dynamic_Programming,,,,Not Started,,,"=HYPERLINK(""DSA-Knowledge/Dynamic_Programming/Md/435_Edit_distance.md"", ""Open"")"
436,Wildcard matching,Dynamic_Programming,Hard,,,In Progress,,,"=HYPERLINK(""DSA-Knowledge/Dynamic_Programming/Md/436_Wildcard_matching.md"", ""Open"")"
437,Best time to buy and sell stock,Dynamic_Programming,,,,Not Started,,,"=HYPERLINK(""DSA-Knowledge/Dynamic_Programming/Md/437_Best_time_to_buy_and_sell_stock.md"", ""Open"")"
438,Best time to buy and sell stock II,Dynamic_Programming,Medium,,,In Progress,,,"=HYPERLINK(""DSA-Knowledge/Dynamic_Programming/Md/438_Best_time_to_buy_and_sell_stock_II.md"", ""Open"")"
439,Best time to buy and sell stock III,Dynamic_Programming,Hard,,,In Progress,,,"=HYPERLINK(""DSA-Knowledge/Dynamic_Programming/Md/439_Best_time_to_buy_and_sell_stock_III.md"", ""Open"")"
440,Best time to buy and sell stock IV,Dynamic_Programming,Hard,,,In Progress,,,"=HYPERLINK(""DSA-Knowledge/Dynamic_Programming/Md/440_Best_time_to_buy_and_sell_stock_IV.md"", ""Open"")"
441,Best Time to Buy and Sell Stock with Cooldown,Dynamic_Programming,Medium,,,In Progress,,,"=HYPERLINK(""DSA-Knowledge/Dynamic_Programming/Md/441_Best_Time_to_Buy_and_Sell_Stock_with_Cooldown.md"", ""Open"")"
442,Best time to buy and sell stock with transaction fees,Dynamic_Programming,Medium,,,In Progress,,,"=HYPERLINK(""DSA-Knowledge/Dynamic_Programming/Md/442_Best_time_to_buy_and_sell_stock_with_transaction_fees.md"", ""Open"")"
443,Longest Increasing Subsequence,Dynamic_Programming,,,,Not Started,,,"=HYPERLINK(""DSA-Knowledge/Dynamic_Programming/Md/443_Longest_Increasing_Subsequence.md"", ""Open"")"
444,Print Longest Increasing Subsequence,Dynamic_Programming,Medium,,,In Progress,,,"=HYPERLINK(""DSA-Knowledge/Dynamic_Programming/Md/444_Print_Longest_Increasing_Subsequence.md"", ""Open"")"
445,Longest Increasing Subsequence DP 43,Dynamic_Programming,Medium,,,In Progress,,,"=HYPERLINK(""DSA-Knowledge/Dynamic_Programming/Md/445_Longest_Increasing_Subsequence_DP_43.md"", ""Open"")"
446,Largest Divisible Subset,Dynamic_Programming,Medium,,,In Progress,,,"=HYPERLINK(""DSA-Knowledge/Dynamic_Programming/Md/446_Largest_Divisible_Subset.md"", ""Open"")"
447,Longest String Chain,Dynamic_Programming,Medium,,,In Progress,,,"=HYPERLINK(""DSA-Knowledge/Dynamic_Programming/Md/447_Longest_String_Chain.md"", ""Open"")"
448,Longest Bitonic Subsequence,Dynamic_Programming,Hard,,,In Progress,,,"=HYPERLINK(""DSA-Knowledge/Dynamic_Programming/Md/448_Longest_Bitonic_Subsequence.md"", ""Open"")"
449,Number of Longest Increasing Subsequences,Dynamic_Programming,Hard,,,In Progress,,,"=HYPERLINK(""DSA-Knowledge/Dynamic_Programming/Md/449_Number_of_Longest_Increasing_Subsequences.md"", ""Open"")"
450,Matrix chain multiplication,Dynamic_Programming,,,,Not Started,,,"=HYPERLINK(""DSA-Knowledge/Dynamic_Programming/Md/450_Matrix_chain_multiplication.md"", ""Open"")"
451,Matrix Chain Multiplication Bottom UpDP 49,Dynamic_Programming,Hard,,,In Progress,,,"=HYPERLINK(""DSA-Knowledge/Dynamic_Programming/Md/451_Matrix_Chain_Multiplication_Bottom_UpDP_49.md"", ""Open"")"
452,Minimum cost to cut the stick,Dynamic_Programming,Hard,,,In Progress,,,"=HYPERLINK(""DSA-Knowledge/Dynamic_Programming/Md/452_Minimum_cost_to_cut_the_stick.md"", ""Open"")"
453,Burst balloons,Dynamic_Programming,Hard,,,In Progress,,,"=HYPERLINK(""DSA-Knowledge/Dynamic_Programming/Md/453_Burst_balloons.md"", ""Open"")"
454,Different Ways to Evaluate a Boolean Expression,Dynamic_Programming,Hard,,,In Progress,,,"=HYPERLINK(""DSA-Knowledge/Dynamic_Programming/Md/454_Different_Ways_to_Evaluate_a_Boolean_Expression.md"", ""Open"")"
455,Palindrome partitioning II,Dynamic_Programming,Hard,,,In Progress,,,"=HYPERLINK(""DSA-Knowledge/Dynamic_Programming/Md/455_Palindrome_partitioning_II.md"", ""Open"")"
456,Partition Array for Maximum Sum,Dynamic_Programming,Hard,,,In Progress,,,"=HYPERLINK(""DSA-Knowledge/Dynamic_Programming/Md/456_Partition_Array_for_Maximum_Sum.md"", ""Open"")"
457,Maximum Rectangle Area with all 1sDP 55,Dynamic_Programming,Hard,,,In Progress,,,"=HYPERLINK(""DSA-Knowledge/Dynamic_Programming/Md/457_Maximum_Rectangle_Area_with_all_1sDP_55.md"", ""Open"")"
458,Count Square Submatrices with All OnesDP 56,Dynamic_Programming,Hard,,,In Progress,,,"=HYPERLINK(""DSA-Knowledge/Dynamic_Programming/Md/458_Count_Square_Submatrices_with_All_OnesDP_56.md"", ""Open"")"
459,Trie Implementation and Operations,Tries,Easy,,,In Progress,,,"=HYPERLINK(""DSA-Knowledge/Tries/Md/459_Trie_Implementation_and_Operations.md"", ""Open"")"
460,Trie Implementation and Advanced Operations,Tries,Medium,,,In Progress,,,"=HYPERLINK(""DSA-Knowledge/Tries/Md/460_Trie_Implementation_and_Advanced_Operations.md"", ""Open"")"
461,Longest Word with All Prefixes,Tries,Medium,,,In Progress,,,"=HYPERLINK(""DSA-Knowledge/Tries/Md/461_Longest_Word_with_All_Prefixes.md"", ""Open"")"
462,Number of distinct substrings in a string,Tries,Medium,,,In Progress,,,"=HYPERLINK(""DSA-Knowledge/Tries/Md/462_Number_of_distinct_substrings_in_a_string.md"", ""Open"")"
463,Bit PreRequisites for TRIE Problems,Tries,Medium,,,In Progress,,,"=HYPERLINK(""DSA-Knowledge/Tries/Md/463_Bit_PreRequisites_for_TRIE_Problems.md"", ""Open"")"
464,Maximum XOR of two numbers in an array,Tries,,,,Not Started,,,"=HYPERLINK(""DSA-Knowledge/Tries/Md/464_Maximum_XOR_of_two_numbers_in_an_array.md"", ""Open"")"
465,Maximum Xor with an element from an array,Tries,Hard,,,In Progress,,,"=HYPERLINK(""DSA-Knowledge/Tries/Md/465_Maximum_Xor_with_an_element_from_an_array.md"", ""Open"")"
466,Minimum number of bracket reversals to make an expression balanced,Strings_Advanced,Medium,,,In Progress,,,"=HYPERLINK(""DSA-Knowledge/Strings_Advanced/Md/466_Minimum_number_of_bracket_reversals_to_make_an_expression_balanced.md"", ""Open"")"
467,Count and say,Strings_Advanced,Medium,,,In Progress,,,"=HYPERLINK(""DSA-Knowledge/Strings_Advanced/Md/467_Count_and_say.md"", ""Open"")"
468,Hashing In Strings Theory,Strings_Advanced,Easy,,,In Progress,,,"=HYPERLINK(""DSA-Knowledge/Strings_Advanced/Md/468_Hashing_In_Strings_Theory.md"", ""Open"")"
469,Rabin Karp Algorithm,Strings_Advanced,Hard,,,In Progress,,,"=HYPERLINK(""DSA-Knowledge/Strings_Advanced/Md/469_Rabin_Karp_Algorithm.md"", ""Open"")"
470,Z function,Strings_Advanced,Hard,,,In Progress,,,"=HYPERLINK(""DSA-Knowledge/Strings_Advanced/Md/470_Z_function.md"", ""Open"")"
471,KMP Algorithm or LPS array,Strings_Advanced,,,,Not Started,,,"=HYPERLINK(""DSA-Knowledge/Strings_Advanced/Md/471_KMP_Algorithm_or_LPS_array.md"", ""Open"")"
472,Shortest Palindrome,Strings_Advanced,Hard,,,In Progress,,,"=HYPERLINK(""DSA-Knowledge/Strings_Advanced/Md/472_Shortest_Palindrome.md"", ""Open"")"
473,Longest happy prefix,Strings_Advanced,Hard,,,In Progress,,,"=HYPERLINK(""DSA-Knowledge/Strings_Advanced/Md/473_Longest_happy_prefix.md"", ""Open"")"
474,Count Palindromic Subsequences,Strings_Advanced,Hard,,,In Progress,,,"=HYPERLINK(""DSA-Knowledge/Strings_Advanced/Md/474_Count_Palindromic_Subsequences.md"", ""Open"")"
